protocol,scenario,repetition,phase,throughput_rps,latency_p50,latency_p90,latency_p95,latency_p99,error_rate_pct,cpu_caddy_pct,mem_caddy_mb,cpu_backend_pct,mem_backend_mb
http1.1,S1,1,warmup,1198.4000,7.592934,12.4722367,13.017330849999999,13.30233873,0.0000,50.550211181064576,16.798828125,29.14674212959062,29.220703125
http1.1,S1,1,sustained,1407.5333,13.9270375,14.0416551,14.339325749999999,19.818036170000006,0.0000,58.30208257913101,17.697591145833332,33.376346179820786,31.337890625
http1.1,S1,1,cooldown,1250.4000,8.2392645,13.2163014,13.87161935,13.98676182,0.0000,40.93472582958415,17.55078125,22.978384768527228,31.67578125
http1.1,S1,2,warmup,1163.9000,7.591282,12.5149788,13.1861266,14.947561800000045,0.0000,30.567300218632198,17.107421875,19.602824940949354,32.2109375
http1.1,S1,2,sustained,1418.9333,13.922858000000002,14.007000999999999,14.06745875,14.952194699999982,0.0000,57.519003204732044,17.8994140625,32.23351263887851,30.430989583333332
http1.1,S1,2,cooldown,1275.7000,8.058202,13.1260228,13.9015814,13.985268959999999,0.0000,49.615518459546315,17.751953125,26.562224127302713,31.607421875
http1.1,S1,3,warmup,1215.0000,7.589578,12.5125943,13.1175782,13.28692002,0.0000,35.671489872351,16.224609375,17.848384305458225,31.427734375
http1.1,S1,3,sustained,1420.7167,13.94819,13.9977404,14.0271096,14.23010666,0.0000,46.95022993210938,17.6357421875,24.62463121661098,28.396158854166668
http1.1,S1,3,cooldown,1284.8000,7.677108,13.1972419,13.8599727,13.97688864,0.0000,40.37554469965208,17.466796875,23.818203752751664,30.48046875
http1.1,S1,4,warmup,1213.0000,7.6204795,12.5310536,13.154830899999999,13.28023988,0.0000,18.737281271680917,16.173828125,11.811294606579958,30.4375
http1.1,S1,4,sustained,1416.9667,13.9256995,14.0076958,14.0624681,15.448648620000018,0.0000,57.211015479631044,17.779296875,29.559129808617037,31.2919921875
http1.1,S1,4,cooldown,1265.6000,8.107782499999999,13.179347,13.85620125,13.9865441,0.0000,54.03655372129411,17.36328125,28.770099342411015,33.1953125
http1.1,S1,5,warmup,1201.3000,7.593244,12.445430800000002,13.0493652,13.273805040000001,0.0000,46.80557800065871,16.578125,24.73214500312445,32.619140625
http1.1,S1,5,sustained,1417.7000,13.903194,14.0136428,14.072563800000001,15.215826129999998,0.0000,61.197276991171094,17.863606770833332,34.422987576869154,34.202473958333336
http1.1,S1,5,cooldown,1256.2000,8.182926,13.1334219,13.737173799999999,13.97791127,0.0000,57.32199661484479,17.896484375,31.006152292089304,34.697265625
http1.1,S1,6,warmup,1198.6000,7.557817999999999,12.4938275,13.113711,13.28610365,0.0000,28.503682727041806,15.951171875,13.452184390454516,34.060546875
http1.1,S1,6,sustained,1420.5167,13.923025,13.993297,14.032917999999999,14.314619799999997,0.0000,55.75577116180569,18.062825520833332,28.588264423228434,34.714518229166664
http1.1,S1,6,cooldown,1274.6000,8.036736999999999,13.187926000000001,13.8629665,13.972716499999999,0.0000,55.43771823467688,17.837890625,29.32664739445446,35.39453125
http1.1,S1,7,warmup,1186.2000,7.5728795,12.460014000000001,13.118645149999997,13.669421719999994,0.0000,47.58129428976358,17.0234375,28.73479662536809,35.25
http1.1,S1,7,sustained,1419.8500,13.906913,14.006538,14.053273,14.5402711,0.0000,60.751162937133756,18.052408854166668,31.82913848942714,35.158528645833336
http1.1,S1,7,cooldown,1269.8000,8.111853499999999,13.0934851,13.7914737,13.98209589,0.0000,59.451280891422286,17.32421875,31.828995121339275,35.8359375
http1.1,S1,8,warmup,1199.1000,7.594162,12.463337,13.0563405,13.2765673,0.0000,25.57199182775011,16.13671875,14.622091117666125,35.328125
http1.1,S1,8,sustained,1420.1833,13.923363,13.99291,14.0313345,14.229028999999992,0.0000,55.13393425143005,17.908854166666668,27.841554389134764,35.698567708333336
http1.1,S1,8,cooldown,1274.3000,7.868075,13.1777774,13.8599548,13.9721549,0.0000,55.97830585853714,17.888671875,29.600729722614723,35.92578125
http1.1,S1,9,warmup,1196.5000,7.600194,12.4195898,13.0813234,13.263181359999999,0.0000,35.508680214880506,16.53125,22.307766687420756,35.541015625
http1.1,S1,9,sustained,1420.6667,13.912486000000001,13.9936191,14.031462549999999,14.218436480000001,0.0000,57.903926952611805,18.060221354166668,31.516777583892644,35.735677083333336
http1.1,S1,9,cooldown,1253.0000,8.14518,13.1139621,13.75577585,13.973580420000001,0.0000,63.319814640157595,17.490234375,34.414939306088556,36.123046875
http1.1,S1,10,warmup,1198.3000,7.591327,12.4657248,13.106501999999999,13.26081776,0.0000,26.36025471330625,16.537109375,14.171115383417472,35.638671875
http1.1,S1,10,sustained,1420.6167,13.922417,13.9869866,14.020181,14.15407112,0.0000,52.318294809522726,17.892903645833332,29.001437649137422,36.1611328125
http1.1,S1,10,cooldown,1272.4000,8.054555,13.1809665,13.857081399999995,13.97047916,0.0000,54.90992002133483,17.662109375,29.422905926541766,36.34375
http1.1,S2,1,warmup,179.5000,49.029295,63.172492,66.5681158,66.75011667999999,0.0000,7.300987324610494,16.505859375,5.9041954546938795,36.265625
http1.1,S2,1,sustained,284.1667,70.18081699999999,70.2704747,70.29811705,70.36833046,0.0000,13.382762371498949,16.892252604166668,10.019707933969515,36.4599609375
http1.1,S2,1,cooldown,195.2000,49.053152,66.7056779,70.17693390000001,70.26587346000001,0.0000,9.96764867350714,16.822265625,7.951406117690206,36.2265625
http1.1,S2,2,warmup,179.5000,49.031389,63.0985152,66.47734799999999,66.70401592,0.0000,4.03424739500695,16.345703125,3.8168721412156033,35.919921875
http1.1,S2,2,sustained,284.1667,70.163014,70.2634357,70.2941842,70.36745761,0.0000,15.522303572731811,16.948567708333332,10.971418461452705,36.3486328125
http1.1,S2,2,cooldown,194.3000,49.145032,66.676213,70.05889979999999,70.24465898,0.0000,15.410998346141183,16.94140625,11.113958793655645,36.52734375
http1.1,S2,3,warmup,179.4000,48.9944895,63.1700185,66.59062055,66.74990686999999,0.0000,7.930733021447937,16.396484375,6.14192381048249,36.349609375
http1.1,S2,3,sustained,284.1667,70.1961295,70.2775732,70.30379015,70.3664114,0.0000,12.414690526928675,17.104166666666668,9.0054953290302,36.735026041666664
http1.1,S2,3,cooldown,194.9000,49.095665,66.7118088,70.1715046,70.27440216000001,0.0000,9.939987899246198,16.708984375,7.604122151078064,36.453125
http1.1,S2,4,warmup,179.4000,49.024846499999995,63.1748685,66.61526295,66.76433352000001,0.0000,4.155180998366596,16.041015625,2.8945176864218265,35.849609375
http1.1,S2,4,sustained,284.1667,70.1424135,70.2584033,70.29097555,70.36043588,0.0000,16.28662528511885,17.046223958333332,11.623618228611095,36.454427083333336
http1.1,S2,4,cooldown,195.1000,49.119281,66.695438,70.1586245,70.2560165,0.0000,12.465654042968666,17.146484375,8.360653071166137,36.333984375
http1.1,S2,5,warmup,179.8000,48.951582,63.195392999999996,66.5642935,66.7559207,0.0000,17.916911948714134,16.8671875,12.46187277701497,36.091796875
http1.1,S2,5,sustained,283.7167,70.147775,70.263994,70.2974454,70.3855623,0.0000,12.199325374168291,17.9990234375,7.626315940602086,36.241536458333336
http1.1,S2,5,cooldown,194.7000,49.113251,66.6837124,70.13834170000001,70.23830068,0.0000,1.420631409049895,17.189453125,1.2597035288446166,36.2265625
http1.1,S2,6,warmup,178.9000,49.037998,63.189425799999995,66.6012362,66.75781164,0.0000,5.5134199555959915,15.935546875,5.030839675225865,36.017578125
http1.1,S2,6,sustained,284.1667,70.1513105,70.263919,70.2950441,70.37798777,0.0000,16.713234535570198,17.444661458333332,11.76773374638002,36.449544270833336
http1.1,S2,6,cooldown,194.9000,49.141009,66.70196059999999,70.1861502,70.27436428,0.0000,10.915941575720193,17.19921875,8.073219911458326,36.5625
http1.1,S2,7,warmup,179.5000,48.978239,63.192352,66.63737259999999,66.74871942,0.0000,7.827655686489812,16.6484375,6.50168646545168,36.23046875
http1.1,S2,7,sustained,284.1667,70.19325,70.2767129,70.3037212,70.37491063,0.0000,12.167700893691169,17.905924479166668,8.292950731870572,36.45703125
http1.1,S2,7,cooldown,195.5000,49.074561,66.718525,70.1607579,70.26138206,0.0000,9.002060859099696,17.30859375,6.664479545724893,38.3359375
http1.1,S2,8,warmup,179.7000,49.026575,63.1780306,66.6039166,66.75912004,0.0000,5.948830841871414,16.302734375,3.145953893140676,36.275390625
http1.1,S2,8,sustained,284.1667,70.192566,70.2763335,70.30208155,70.36657503,0.0000,12.403036048795826,17.352864583333332,9.269377857694142,36.7841796875
http1.1,S2,8,cooldown,195.0000,49.105861000000004,66.7012563,70.17547479999999,70.25944517,0.0000,10.97995646232528,17.58203125,7.394011820272286,36.484375
http1.1,S2,9,warmup,179.7000,48.995358,63.1622328,66.62529119999999,66.7471488,0.0000,8.027290832545951,17.0078125,6.046433427161139,36.080078125
http1.1,S2,9,sustained,284.1667,70.18742950000001,70.2730702,70.3005257,70.36606185,0.0000,12.570579322917844,17.3349609375,9.203569249461612,36.619791666666664
http1.1,S2,9,cooldown,195.2000,49.103162,66.6782269,70.1150504,70.26913830000001,0.0000,9.205372277950342,17.23828125,6.109620347552877,36.0234375
http1.1,S2,10,warmup,179.6000,48.962279,63.1803205,66.54256925,66.7555956,0.0000,5.773662182009844,16.828125,3.864976492696258,35.861328125
http1.1,S2,10,sustained,284.1667,70.197091,70.2770868,70.3003142,70.36044705,0.0000,12.157228584050571,17.897135416666668,8.959378355741185,36.343424479166664
http1.1,S2,10,cooldown,195.1000,49.078352,66.724107,70.17649800000001,70.2672975,0.0000,11.566686883325556,17.640625,8.376370144603914,36.560546875
http1.1,S3,1,warmup,56.7000,119.635817,239.0511406,385.0188588,579.71550836,0.0000,4.1823020187773405,16.646484375,3.490226401870409,35.388671875
http1.1,S3,1,sustained,117.9667,122.11137199999999,244.6590024,360.25418454999993,578.4336602199999,0.0000,6.738091775435199,17.387369791666668,4.806256597654921,36.022135416666664
http1.1,S3,1,cooldown,62.7000,120.224241,243.0457502,362.9974067999998,568.26938642,0.0000,4.313150511845889,17.611328125,2.8575716597314544,36.091796875
http1.1,S3,2,warmup,56.6000,119.1929145,239.3203355,361.04174425,573.0872437000002,0.0000,2.6449451165798328,16.494140625,2.5134554777458256,35.4140625
http1.1,S3,2,sustained,114.5167,122.21439,245.74966,369.374198,584.5257665,0.0000,6.208845607249042,18.079752604166668,5.022658387856033,35.659505208333336
http1.1,S3,2,cooldown,60.3000,120.319475,244.27134540000011,357.84954809999994,569.7618491400001,0.0000,4.584133945276145,17.390625,4.221678467606004,35.9375
http1.1,S3,3,warmup,56.6000,119.487314,240.0988805,386.08812175,591.4375591500001,0.0000,2.8063624137934085,17.16015625,2.8709351481412417,35.62109375
http1.1,S3,3,sustained,117.3333,122.23647,245.2135219,360.40493709999976,582.84245905,0.0000,6.4487000662717096,17.706705729166668,5.050197512843537,35.947265625
http1.1,S3,3,cooldown,63.9000,119.750898,239.6580096,349.5528266000001,575.43041042,0.0000,4.413690361586439,17.384765625,3.6941329423839746,35.939453125
http1.1,S3,4,warmup,58.1000,119.053305,236.474852,350.759991,568.0450984,0.0000,2.5010471311114357,16.865234375,2.136914323158545,35.384765625
http1.1,S3,4,sustained,115.4667,122.03385399999999,244.8122091,368.02886555,581.2249099599999,0.0000,6.3124500814767375,17.515950520833332,4.980676074389947,35.883138020833336
http1.1,S3,4,cooldown,65.8000,119.635296,239.40469780000004,332.89199364999985,546.0155244099999,0.0000,5.696093050245062,17.830078125,4.23317480331401,35.83203125
http1.1,S3,5,warmup,61.2000,119.2352985,234.1301239,247.81064004999988,565.9572319599998,0.0000,3.444977504304463,16.76171875,2.1745202665254597,35.501953125
http1.1,S3,5,sustained,114.8667,122.245292,245.64780070000006,365.9506823,583.8657362900001,0.0000,6.412720978369988,17.121419270833332,4.7610268731793886,36.072591145833336
http1.1,S3,5,cooldown,63.5000,120.223586,236.7532914,342.86753089999957,574.06007352,0.0000,4.510659019435572,16.857421875,3.8352925493931793,36.013671875
http1.1,S3,6,warmup,60.8000,118.97846200000001,235.43456600000002,285.49901944999925,560.0694667499996,0.0000,2.9237291950686077,16.173828125,2.0996401717756843,35.607421875
http1.1,S3,6,sustained,118.6000,121.92038550000001,244.46228250000001,360.48675000000003,578.4465467,0.0000,6.470329758170592,17.203450520833332,4.95047560321367,35.964192708333336
http1.1,S3,6,cooldown,59.8000,120.700468,243.7710657,458.1717510999999,594.5042218899998,0.0000,5.695761540786384,17.26171875,3.955486497114072,36.294921875
http1.1,S3,7,warmup,62.3000,119.116766,235.1698796,269.1226435999995,567.0399872799998,0.0000,3.5064722744261236,16.818359375,2.42921571826725,35.49609375
http1.1,S3,7,sustained,116.2000,122.051908,244.8861893,371.40298374999986,584.15869156,0.0000,6.242891027067219,17.796223958333332,5.127226376027539,35.999674479166664
http1.1,S3,7,cooldown,60.5000,119.747101,247.44076960000004,364.7379093999999,584.2436148000004,0.0000,5.1956632953738175,17.9765625,5.051705893056325,36.046875
http1.1,S3,8,warmup,58.7000,119.582337,238.2371078,361.2369196,561.27131574,0.0000,4.882595198264047,16.763671875,3.8433700347741753,35.79296875
http1.1,S3,8,sustained,115.9000,122.04361850000001,245.1993694,366.4848653499999,585.8521373300003,0.0000,6.652379229767481,17.531575520833332,4.962560428359077,36.216796875
http1.1,S3,8,cooldown,61.3000,120.135233,240.7593076,361.7150418,572.2010108,0.0000,4.290391879929183,16.564453125,3.5452604044602074,35.9765625
http1.1,S3,9,warmup,62.3000,118.82198,232.9943494,245.90926179999997,572.1870643,0.0000,3.3584665616650646,16.7265625,2.290815115207779,35.51171875
http1.1,S3,9,sustained,117.4667,121.989981,244.4576764,363.92496404999997,583.69580426,0.0000,6.6969385388676415,17.15234375,5.102666453261667,36.168619791666664
http1.1,S3,9,cooldown,64.5000,120.498797,240.0132766,359.9673763999998,573.8483835199999,0.0000,5.157023658849842,17.12890625,4.728786737608111,36.216796875
http1.1,S3,10,warmup,59.9000,119.478222,236.0413382,268.34077670000016,570.6599221999999,0.0000,3.682763365689005,16.72265625,3.3086492898752664,35.666015625
http1.1,S3,10,sustained,116.9000,122.1577815,244.98655829999998,362.77340519999996,582.88515489,0.0000,6.603015492476541,17.528645833333332,5.1991192744663834,36.1826171875
http1.1,S3,10,cooldown,64.3000,119.479711,237.1294824,347.4880685,572.3786988400003,0.0000,3.8145233638122322,17.369140625,3.66244075591402,35.95703125
http1.1,S4,1,warmup,20.0000,452.641084,688.6743296999999,748.7541145,825.5805752199936,0.0000,1.9294035896067432,18.72265625,1.3609619297099371,35.791015625
http1.1,S4,1,sustained,22.7167,843.51407,879.606135,879.6780398,1715.3529538,0.0000,2.267368252948122,17.54296875,2.1092680416903,35.8740234375
http1.1,S4,1,cooldown,19.0000,520.38978,835.8273952,835.9533416,1256.4323005999966,0.0000,2.4890728153438344,17.37890625,2.33595857497055,35.986328125
http1.1,S4,2,warmup,19.5000,453.260443,711.8371566,755.7418342,980.7502825200012,0.0000,2.3233055667452622,16.234375,1.7688362982211328,35.65625
http1.1,S4,2,sustained,22.7167,842.912156,879.5894724,879.660698,2516.972224359999,0.0000,2.380967880732667,17.53515625,2.184719035029127,35.898111979166664
http1.1,S4,2,cooldown,18.8000,534.4513380000001,843.3619553,852.5699987,1368.5718231199996,0.0000,2.3636553372560902,17.19140625,2.279172071442597,36.080078125
http1.1,S4,3,warmup,19.9000,452.840447,677.3102898000002,718.6073404,1768.643534300001,0.0000,1.8281596917839122,17.45703125,1.939666650988657,35.62890625
http1.1,S4,3,sustained,22.7333,842.9432105000001,879.5329611999999,879.6228261,2556.7387740499985,0.0000,2.2982964321035046,17.392903645833332,1.989398427699843,35.97265625
http1.1,S4,3,cooldown,18.7000,462.368876,841.9118522,842.0393339,1409.5210963799934,0.0000,2.3298218278621143,17.46484375,2.307913490312952,38.017578125
http1.1,S4,4,warmup,19.9000,452.905644,718.007548,733.0927143999999,1093.0928743400038,0.0000,2.040534595177119,17.267578125,2.394922031762816,35.791015625
http1.1,S4,4,sustained,22.7167,873.101189,879.6389486,879.7062311,1673.8961934399993,0.0000,2.4910959861164805,17.605794270833332,2.4482535491902446,35.90234375
http1.1,S4,4,cooldown,19.1000,491.091488,792.774008,842.0258725,1530.9085554999995,0.0000,2.204106979343051,17.6328125,1.3504682093658409,35.818359375
http1.1,S4,5,warmup,20.1000,402.660019,717.85629,762.106011,849.912503,0.0000,2.1854235006913227,17.07421875,1.8661840271491779,35.857421875
http1.1,S4,5,sustained,22.7000,827.2367105000001,879.5786983,881.498077,2577.1908333600027,0.0000,2.5192114875432314,17.1513671875,2.3019392207574976,35.804361979166664
http1.1,S4,5,cooldown,19.1000,527.733415,823.009657,1022.6104849999999,1463.9188929999998,0.0000,2.0992913384507395,17.564453125,2.5743460326689123,35.98828125
http1.1,S4,6,warmup,19.8000,452.70766449999996,711.6798696,724.6348494499999,1137.5392404300003,0.0000,3.441188033449315,16.873046875,2.4266272361349586,35.69140625
http1.1,S4,6,sustained,22.7000,850.297498,879.5940731,879.6475468,1715.39569136,0.0000,2.56992057773571,17.367838541666668,2.1208212880233748,35.913411458333336
http1.1,S4,6,cooldown,19.4000,468.49190999999996,828.1830481000001,828.3342869,1590.55541991,0.0000,2.0200736605722627,17.244140625,2.1645060133615175,36.056640625
http1.1,S4,7,warmup,20.0000,416.47498900000005,665.7260484999999,703.2238336999999,1942.7833760799988,0.0000,1.4199173030073426,16.71484375,2.011861530406387,35.828125
http1.1,S4,7,sustained,22.7333,843.1403655,879.4964227,879.66057985,2526.808041749996,0.0000,2.229553707713126,17.28125,1.9805854454545975,35.878580729166664
http1.1,S4,7,cooldown,18.7000,542.477135,853.0108936000003,879.3852475,910.6770061199969,0.0000,2.4112953254379237,17.341796875,2.6560324607713395,35.564453125
http1.1,S4,8,warmup,19.9000,437.764822,683.3134718000001,725.2730386,1861.4779444200005,0.0000,1.8103486271861493,16.365234375,1.5142325567429293,35.58984375
http1.1,S4,8,sustained,22.7333,842.932039,879.613149,879.7010978,2331.4061133699934,0.0000,2.2111015666398264,17.193359375,1.961155895252915,35.978515625
http1.1,S4,8,cooldown,18.7000,535.163928,836.4711038,861.5457518999996,1551.7232161199988,0.0000,1.9022757009059086,17.16015625,1.7887147535761625,35.79296875
http1.1,S4,9,warmup,20.0000,428.39496,718.6016434999999,731.14163295,806.6450507099995,0.0000,1.5282408285129419,16.583984375,1.2350235895422594,35.38671875
http1.1,S4,9,sustained,22.7333,843.8944235,879.5875695999999,879.7234056,1715.37606977,0.0000,2.0495576660070323,17.1748046875,1.889871824312252,35.6640625
http1.1,S4,9,cooldown,18.4000,520.422068,823.4827285000002,857.1576875999999,1341.9075573599985,0.0000,1.5919040673030578,17.29296875,2.06730492535316,35.662109375
http1.1,S4,10,warmup,19.6000,425.74931949999996,684.8733975,700.71508725,1320.1909015000008,0.0000,1.8279645565326361,16.986328125,1.426773517681665,35.833984375
http1.1,S4,10,sustained,22.7333,850.718301,879.6455094,879.73290485,1715.2807630300001,0.0000,1.8908927406414713,17.143880208333332,1.817452856333247,35.830078125
http1.1,S4,10,cooldown,19.3000,410.244826,806.4446372,834.8812091999997,2027.4444471599963,0.0000,2.1354483878429353,17.326171875,1.2021636043712396,36.556640625
http1.1,S5,1,warmup,27.9000,296.138862,302.399306,336.9476434999913,600.6701308199999,0.0000,2.5623922484549944,17.220703125,1.8712506026772664,35.626953125
http1.1,S5,1,sustained,60.4833,296.778933,305.5534694,589.9132414,958.2921824399994,0.0000,2.9758976958696453,17.286458333333332,2.713630292581462,35.752278645833336
http1.1,S5,1,cooldown,31.9000,296.041629,305.09326899999996,582.2126090999999,911.59731252,0.0000,1.6332812930053944,17.271484375,2.003078987167553,35.921875
http1.1,S5,2,warmup,26.8000,295.399857,301.8994857,475.60859029999415,1092.8785873399997,0.0000,2.0439896121972523,16.873046875,1.5518890914618426,35.716796875
http1.1,S5,2,sustained,59.3333,296.7956925,575.3687114,591.92436135,1086.6246050999998,0.0000,2.9333606087643953,17.190755208333332,2.5621858238546613,36.245442708333336
http1.1,S5,2,cooldown,29.4000,296.897135,582.6505425,594.2163057500001,1105.3744714,0.0000,3.076628896866872,17.45703125,2.4363075943116286,36.107421875
http1.1,S5,3,warmup,27.1000,295.305098,301.91238,304.3193225,1147.5269624000025,0.0000,2.1189664154201475,16.40234375,2.148369466193027,35.755859375
http1.1,S5,3,sustained,59.4167,296.586031,567.0117764,590.5830092,1079.94977376,0.0000,3.1461017874984103,17.586588541666668,2.7614116453216226,35.8408203125
http1.1,S5,3,cooldown,33.6000,295.7295985,302.171154,576.4045094999999,597.7306490499999,0.0000,2.4731973053413157,17.6640625,1.914107605113864,35.625
http1.1,S5,4,warmup,26.8000,295.73889399999996,301.3593512,471.0603220499943,1102.9141122,0.0000,1.6377478054216765,16.76171875,1.4081252495364107,35.443359375
http1.1,S5,4,sustained,59.8333,296.6990575,560.1988750999997,590.8948795,955.0761145600006,0.0000,3.184564690157704,17.239583333333332,2.6034883311378323,35.956705729166664
http1.1,S5,4,cooldown,33.1000,295.798721,301.697323,567.5874065,1083.1768683999999,0.0000,2.8256364922810864,17.455078125,2.5757430118802267,35.548828125
http1.1,S5,5,warmup,25.6000,296.277303,302.84707149999997,546.4370185,1101.0395012499998,0.0000,1.8588305741915083,17.537109375,2.0974600398376464,37.7890625
http1.1,S5,5,sustained,59.9333,296.662544,553.0416655,590.39220575,961.5961608500002,0.0000,3.061974071555559,17.277994791666668,2.788455201094792,37.0732421875
http1.1,S5,5,cooldown,31.5000,296.206334,303.8010094,588.237056,943.8856748400003,0.0000,1.9184020181774604,17.603515625,2.1786314897624823,36.1953125
http1.1,S5,6,warmup,28.6000,295.7411485,300.469431,302.37644224999997,918.5469181499993,0.0000,2.739070540420176,17.048828125,2.694951067360628,35.572265625
http1.1,S5,6,sustained,60.1833,296.362492,305.701937,589.759764,1067.1708135000001,0.0000,3.2567621458476457,17.540690104166668,2.6412167447146,35.7548828125
http1.1,S5,6,cooldown,29.9000,296.631253,585.0442022,592.2456642,1074.2281275799996,0.0000,1.5412119897239571,17.53515625,1.6452596851233539,36.099609375
http1.1,S5,7,warmup,28.4000,294.9714805,301.21123520000003,302.7581344,981.8780055200016,0.0000,1.3987134404411892,16.6796875,1.4470713617564228,35.44140625
http1.1,S5,7,sustained,60.2667,296.4954675,306.9894615,590.249514,1053.60223145,0.0000,3.1285581030977543,17.757161458333332,2.644285563576479,35.653645833333336
http1.1,S5,7,cooldown,31.3000,295.664678,546.5639126000002,581.0374505999999,1061.9440175599993,0.0000,2.904448214859017,17.9140625,2.725065999454403,35.7734375
http1.1,S5,8,warmup,28.2000,295.598251,302.2037216,306.4811361,942.70255227,0.0000,2.0137038117419706,17.1875,1.737822252469382,35.640625
http1.1,S5,8,sustained,59.2833,296.545117,567.2856786,590.8225689999999,1080.20716408,0.0000,3.057429235446233,17.23046875,2.611311847862042,35.969075520833336
http1.1,S5,8,cooldown,31.1000,296.142317,562.521016,589.6475304999999,1099.7304002999997,0.0000,2.1178046819778533,17.205078125,1.5113331415633464,35.947265625
http1.1,S5,9,warmup,27.9000,295.963729,301.5461212,302.5367909,561.7002767799995,0.0000,1.1834955788853747,16.408203125,1.449491602392384,35.677734375
http1.1,S5,9,sustained,59.6667,296.767286,567.8189508999999,591.5502837999999,960.6253952000003,0.0000,3.4104608033619885,17.552734375,2.805207615647109,35.794921875
http1.1,S5,9,cooldown,30.2000,296.68314399999997,578.4972377000001,588.4015731,955.7622096000002,0.0000,2.8397287488088487,17.46484375,2.4549654638673557,36.24609375
http1.1,S5,10,warmup,27.4000,295.8155135,302.8347451,568.7707058999999,597.96757111,0.0000,1.511040211790316,16.646484375,1.4739830661899547,35.359375
http1.1,S5,10,sustained,60.6000,296.2911695,304.639819,588.612437,954.9946655000001,0.0000,3.086735966234454,17.374674479166668,2.8379025962722086,36.3203125
http1.1,S5,10,cooldown,31.6000,296.4491295,307.2298445,588.93686375,1051.5947573000028,0.0000,3.824105889153751,17.583984375,2.976811335075955,36.255859375
http2,S1,1,warmup,1201.3000,7.63057,12.521597600000002,13.202287799999999,13.329397,0.0000,56.76632741454651,17.197265625,24.82590321101759,36.001953125
http2,S1,1,sustained,1417.2667,13.9829185,14.043783,14.079190500000001,14.27980045,0.0000,56.85500976551966,18.181315104166668,22.921247998401736,36.652669270833336
http2,S1,1,cooldown,1260.1000,8.118982,13.267029,13.935959,14.025064,0.0000,54.934099146380674,18.60546875,23.58668801455975,36.494140625
http2,S1,2,warmup,1200.3000,7.621823,12.553124000000002,13.1852004,13.31719652,0.0000,32.272418153795115,17.056640625,12.989601437540633,35.642578125
http2,S1,2,sustained,1417.2500,13.981876,14.0448256,14.0804599,14.29946168,0.0000,55.39049474783808,18.0234375,22.909725501142155,36.56640625
http2,S1,2,cooldown,1282.2000,7.724731,13.2318566,13.865268599999995,14.025990530000001,0.0000,55.93115552978687,18.373046875,21.93809474200846,36.87890625
http2,S1,3,warmup,1212.0000,7.640839,12.5611199,13.232378899999999,13.323761090000001,0.0000,45.18117232470914,17.142578125,17.503478522901077,37.896484375
http2,S1,3,sustained,1417.3500,13.988356,14.041838,14.067769,14.177588000000002,0.0000,54.92673211714343,18.4453125,20.44536088516917,36.506184895833336
http2,S1,3,cooldown,1281.0000,7.726891500000001,13.248487200000001,13.891820599999999,14.025892019999999,0.0000,47.337955795068865,18.43359375,20.890088715265737,36.287109375
http2,S1,4,warmup,1211.8000,7.628558,12.5539196,13.213649049999999,13.32252444,0.0000,30.731410523502774,17.201171875,14.472452437260541,36.552734375
http2,S1,4,sustained,1415.7333,13.986669,14.0469829,14.0858884,14.48087660999999,0.0000,53.434265407005626,18.390299479166668,22.05784537789984,36.496419270833336
http2,S1,4,cooldown,1282.3000,7.715435,13.2316226,13.927100999999999,14.0185522,0.0000,51.8863489508117,18.544921875,21.29967448711952,36.904296875
http2,S1,5,warmup,1200.2000,7.623289,12.536219200000001,13.216338249999998,13.31530479,0.0000,55.84848632152355,17.7265625,21.631716016494757,36.462890625
http2,S1,5,sustained,1417.2167,13.988113,14.042619799999999,14.0723278,14.255270239999993,0.0000,53.148057457203905,18.1787109375,21.955981464828074,36.978190104166664
http2,S1,5,cooldown,1279.9000,7.74522,13.200113,13.951562599999999,14.03040108,0.0000,50.329299861249254,18.796875,22.142784345267383,36.685546875
http2,S1,6,warmup,1210.3000,7.625948,12.5290332,13.1787672,13.30710278,0.0000,35.97840824784379,16.6953125,15.05192437979112,36.57421875
http2,S1,6,sustained,1416.6833,13.980654,14.046719,14.088447,14.473829,0.0000,57.917390247658716,18.607096354166668,23.12230262668504,36.7060546875
http2,S1,6,cooldown,1277.1000,7.774924,13.248148,13.925944999999999,14.0200894,0.0000,54.92422169733747,18.53125,22.021041400218753,36.79296875
http2,S1,7,warmup,1212.0000,7.6413295,12.4983706,13.20677175,13.31274875,0.0000,22.04422590271635,16.607421875,9.941890062315014,36.60546875
http2,S1,7,sustained,1416.9333,13.9819605,14.0472355,14.0868905,14.376712600000008,0.0000,58.298205816459216,18.28125,22.985142708133463,36.722330729166664
http2,S1,7,cooldown,1263.9000,8.158956,13.263400200000001,13.930023,14.0267296,0.0000,58.98479305117367,18.408203125,24.261524851540955,36.619140625
http2,S1,8,warmup,1211.2000,7.639307,12.561224900000001,13.2053608,13.319551050000001,0.0000,32.628916747801355,17.052734375,15.987756329953793,36.27734375
http2,S1,8,sustained,1417.3333,13.984747,14.0440763,14.07324765,14.2187804,0.0000,55.082131290969436,18.285807291666668,22.053394952778397,36.431315104166664
http2,S1,8,cooldown,1274.3000,7.750703,13.2429028,13.940152900000001,14.03507626,0.0000,59.26076186617358,18.919921875,23.98042320119822,36.564453125
http2,S1,9,warmup,1202.2000,7.626416,12.5362432,13.1688741,13.32102295,0.0000,23.094767255582425,17.451171875,11.608418879862771,36.224609375
http2,S1,9,sustained,1417.2000,13.983977,14.044634499999999,14.07584625,14.25538104,0.0000,57.1401072267643,18.312825520833332,21.730851805015014,36.463216145833336
http2,S1,9,cooldown,1279.1000,7.776482,13.247831,13.904187,14.028752800000001,0.0000,56.650018954697174,18.16015625,22.563882171359158,36.583984375
http2,S1,10,warmup,1208.6000,7.62177,12.5499245,13.205244,13.32270935,0.0000,33.38383475799279,16.9375,17.309350572884703,36.44140625
http2,S1,10,sustained,1416.9333,13.983100499999999,14.044689,14.081958,14.3392312,0.0000,57.15162910478263,18.8046875,22.973064303668362,36.840169270833336
http2,S1,10,cooldown,1268.5000,8.201864,13.2554914,13.9149428,14.02055408,0.0000,57.8691327712754,18.41796875,20.917842776352472,37.111328125
http2,S2,1,warmup,178.6000,48.9430955,63.402601000000004,66.81568200000001,66.98564195,0.0000,4.726975035343574,17.25390625,3.4048667246249975,36.712890625
http2,S2,1,sustained,283.4333,70.41848300000001,70.5305175,70.5713235,70.6618149,0.0000,12.68221345195109,17.680013020833332,6.487238355805701,37.018229166666664
http2,S2,1,cooldown,193.8000,49.214031,66.9373093,70.40874600000001,70.53428178,0.0000,10.295003538900016,17.609375,5.957166183575508,36.744140625
http2,S2,2,warmup,178.5000,49.044043,63.3870322,66.83009,66.99182632,0.0000,7.129839292972122,19.173828125,3.5029435920851735,36.51953125
http2,S2,2,sustained,283.4333,70.4169155,70.526543,70.5662785,70.65004645,0.0000,12.276627242021878,17.936848958333332,6.340350629770951,36.876302083333336
http2,S2,2,cooldown,193.8000,49.208004,66.9192709,70.3928289,70.53541824999999,0.0000,9.578328801942035,17.671875,5.80775479747967,37.056640625
http2,S2,3,warmup,178.4000,49.1261845,63.410254,66.78352665,67.00472688,0.0000,4.15288242269097,16.251953125,2.9276604524154393,36.46875
http2,S2,3,sustained,283.4500,70.423159,70.5340276,70.5754803,70.66618988,0.0000,11.85333350181262,17.659505208333332,6.05540457794488,36.732747395833336
http2,S2,3,cooldown,193.9000,49.204184,66.9537862,70.3908067,70.51520976,0.0000,8.813630930932852,17.6015625,5.197283784557891,36.6015625
http2,S2,4,warmup,178.5000,48.970659,63.4411634,66.8458886,66.98606536000001,0.0000,6.645690527050398,16.75,2.8453750089751546,36.595703125
http2,S2,4,sustained,283.4333,70.43536399999999,70.541455,70.58155425,70.6760941,0.0000,10.83311744819133,17.804036458333332,5.476240971348157,36.894856770833336
http2,S2,4,cooldown,193.6000,49.2337395,66.94766949999999,70.40918024999999,70.55448525,0.0000,10.148501573979745,18.123046875,5.202555588900829,36.912109375
http2,S2,5,warmup,178.5000,48.968205,63.4009062,66.8601504,67.00501228,0.0000,4.368231159931674,16.75,2.5150326924475506,36.544921875
http2,S2,5,sustained,283.4500,70.432861,70.5384286,70.57971099999999,70.66998938,0.0000,11.313344244170867,17.739908854166668,5.7383190797711485,37.044270833333336
http2,S2,5,cooldown,194.0000,49.2152585,66.9511159,70.40771579999999,70.55774185,0.0000,11.552847288742694,17.689453125,5.745177088825462,37.103515625
http2,S2,6,warmup,178.2000,49.116076500000005,63.3954729,66.85151354999999,67.02098597,0.0000,9.128477961366054,16.955078125,5.514775489456971,36.666015625
http2,S2,6,sustained,283.4333,70.4170175,70.5285235,70.56846250000001,70.65916804999999,0.0000,12.235650197579488,17.815755208333332,6.337635242232385,37.08984375
http2,S2,6,cooldown,193.5000,49.225643,66.9227124,70.3349389,70.46326364,0.0000,10.96913246466346,17.580078125,6.543652325442363,37.205078125
http2,S2,7,warmup,178.1000,49.153229,63.41064,66.821636,66.9741228,0.0000,6.47389589101697,16.587890625,3.992505467642006,36.978515625
http2,S2,7,sustained,283.4333,70.4073765,70.5280015,70.567294,70.65648695,0.0000,13.982227813147315,17.795572916666668,7.048494386124512,36.990559895833336
http2,S2,7,cooldown,193.9000,49.192736,66.93839100000001,70.42231269999999,70.55056116,0.0000,9.844105546076543,17.65234375,5.258880963497497,37.345703125
http2,S2,8,warmup,178.5000,49.101811,63.3308208,66.614698,66.89699771999999,0.0000,9.168647019902732,16.91796875,4.758763254501495,38.58203125
http2,S2,8,sustained,283.4333,70.4021955,70.51934600000001,70.56171525,70.65229355000001,0.0000,13.12566833263927,17.938802083333332,7.146536883779096,36.948567708333336
http2,S2,8,cooldown,193.6000,49.2072415,66.92591949999999,70.40175525000001,70.52853859999999,0.0000,8.069711577077213,17.509765625,5.234448474507669,37.126953125
http2,S2,9,warmup,178.3000,49.106296,63.375606399999995,66.82683109999999,67.03280717999999,0.0000,5.629488950323191,16.548828125,3.0507291068475606,36.546875
http2,S2,9,sustained,283.4500,70.41731,70.52695159999999,70.5649221,70.64673954,0.0000,12.272712183733614,17.769856770833332,6.499384497652281,37.005859375
http2,S2,9,cooldown,193.7000,49.209056,66.955803,70.3771548,70.4917404,0.0000,11.480781129785068,17.900390625,6.484634753402295,36.986328125
http2,S2,10,warmup,178.1000,49.129166,63.387724,66.78523,66.9328226,0.0000,9.13667176430617,16.630859375,5.6522428149122845,36.814453125
http2,S2,10,sustained,283.4500,70.414094,70.5296968,70.5731601,70.6685958,0.0000,12.612222396552347,17.558268229166668,6.8773531647557,36.931315104166664
http2,S2,10,cooldown,194.1000,49.193541,66.915807,70.406245,70.5475472,0.0000,8.686765774296509,17.302734375,5.714267446498988,37.27734375
http2,S3,1,warmup,54.2000,121.6330095,244.28068879999998,347.4765676499996,572.01161405,0.0000,2.9305691999592027,16.900390625,1.7995901256825104,36.625
http2,S3,1,sustained,105.9167,125.666921,249.67348040000002,364.55318979999987,622.4313627200008,0.0000,5.933175702173147,17.856770833333332,3.71878669977945,36.706380208333336
http2,S3,1,cooldown,55.8000,122.50712150000001,264.8995122,356.8230317,583.4477625199986,0.0000,4.927094504022895,17.71484375,2.953575181411687,36.703125
http2,S3,2,warmup,56.9000,120.94844,238.542462,286.90322980000036,563.36249324,0.0000,4.408443746204114,18.607421875,2.5964684334480266,36.69921875
http2,S3,2,sustained,106.3167,125.441579,249.0391024,372.2287246999999,588.7907376400004,0.0000,6.015191935062514,17.818684895833332,3.6209643882369993,37.0908203125
http2,S3,2,cooldown,56.6000,125.334569,248.910412,361.44638050000003,564.5938039,0.0000,3.722364985840313,17.798828125,2.134874704000785,37.013671875
http2,S3,3,warmup,56.9000,120.815003,241.9803698,262.83996600000035,574.0907236400002,0.0000,3.0243711840937735,17.41796875,1.9970846979039558,36.548828125
http2,S3,3,sustained,106.7333,124.93032500000001,248.1840028,363.17004319999995,587.50496417,0.0000,5.87715935001732,17.697265625,3.6837447462189554,37.033528645833336
http2,S3,3,cooldown,57.0000,122.768933,245.7457699,352.68371249999996,571.4811148699997,0.0000,3.3965277942309378,17.83984375,3.086096624167797,36.865234375
http2,S3,4,warmup,54.9000,121.700062,242.16492639999998,320.3048278000011,574.2955876799999,0.0000,4.381133485735209,17.380859375,2.502981777251743,38.3125
http2,S3,4,sustained,106.4833,124.978253,249.02387579999998,366.55866799999995,596.61113172,0.0000,5.836186941169732,17.916666666666668,3.564481099681953,37.224283854166664
http2,S3,4,cooldown,52.3000,204.924461,282.5999658,391.2529677999999,584.1001313399998,0.0000,3.853089069747125,17.896484375,2.5654562574585054,36.9453125
http2,S3,5,warmup,56.5000,121.015088,239.5187318,368.10284359999986,589.45145732,0.0000,2.760875372681022,17.275390625,2.3470546925772338,36.783203125
http2,S3,5,sustained,105.7167,124.650381,250.29503800000003,378.60220969999983,638.1310385599994,0.0000,5.890484291166685,17.9375,3.7744100157156026,36.444661458333336
http2,S3,5,cooldown,55.6000,126.37365399999999,255.26030250000002,349.34620674999996,563.9821596500001,0.0000,4.931839553545199,17.703125,3.3505893370597386,36.380859375
http2,S3,6,warmup,54.3000,121.050219,246.53022779999998,377.5781295,573.3539304600001,0.0000,4.2899010037856975,16.6640625,2.641817917185577,35.806640625
http2,S3,6,sustained,107.3667,125.242423,248.9092526,363.6990056499999,586.4719096599999,0.0000,6.242706714830351,17.551106770833332,3.6706524198768573,35.962239583333336
http2,S3,6,cooldown,56.4000,123.6705295,242.4519833,356.45937850000007,610.8850817100001,0.0000,3.0599793320190294,17.345703125,2.551547281639741,36.166015625
http2,S3,7,warmup,52.6000,121.4409185,243.864001,376.14970825,581.23400075,0.0000,2.7099220342282133,17.24609375,2.3218316847428984,35.892578125
http2,S3,7,sustained,107.3833,124.649544,249.529041,364.18482869999997,598.1681585399997,0.0000,6.165268382675206,17.994140625,3.556002318257886,35.9013671875
http2,S3,7,cooldown,59.6000,122.0049395,241.3202425,356.97463475,576.4430421999998,0.0000,5.09945841163749,17.748046875,2.8341072959112887,35.890625
http2,S3,8,warmup,52.7000,122.031544,249.4468768,372.66790779999997,604.7770289600003,0.0000,3.3512885471005545,16.876953125,2.50123688317333,37.578125
http2,S3,8,sustained,108.4167,124.195463,248.18675440000007,363.76021439999994,590.6757753200001,0.0000,6.186914901109011,17.48828125,3.5781365597034753,36.02734375
http2,S3,8,cooldown,63.0000,121.473503,240.3133222,283.73425289999983,567.5491817200001,0.0000,4.014456474306287,17.66796875,2.530154189740018,36.1953125
http2,S3,9,warmup,52.6000,121.713487,249.6542345,370.29887499999995,569.1451372500001,0.0000,2.3534362109939644,17.142578125,1.6773165755274393,35.85546875
http2,S3,9,sustained,106.0500,125.491354,251.38445120000003,371.93455389999974,595.2328016000001,0.0000,6.276412792038218,17.730143229166668,3.8064860332364736,36.110677083333336
http2,S3,9,cooldown,54.7000,127.999672,259.2103516000002,369.27069290000003,567.2209588399998,0.0000,5.634335422689016,17.578125,4.100501419194939,36.09765625
http2,S3,10,warmup,56.8000,121.015579,241.5767227,365.95023339999995,580.30321991,0.0000,4.22127856896898,16.53515625,2.634126915831068,35.9765625
http2,S3,10,sustained,104.3833,126.461887,251.413794,374.59937619999994,605.6698226000002,0.0000,6.416239027978182,17.764973958333332,3.7004198336759897,36.109049479166664
http2,S3,10,cooldown,54.3000,206.784384,244.1450864,366.51086589999994,572.6315183000002,0.0000,4.540431867603759,17.6171875,2.1980799996521516,35.845703125
http2,S4,1,warmup,19.8000,455.6615455,727.367087,765.28557285,866.6776003000004,0.0000,1.593188672533701,16.8046875,1.6587803377347754,35.818359375
http2,S4,1,sustained,22.5833,868.720899,883.8847306,884.1994943,1716.87952672,0.0000,2.3830225497044264,17.559244791666668,1.768241799871674,35.946614583333336
http2,S4,1,cooldown,19.3000,511.414471,795.5912538,1040.2161377999992,1397.9629305599979,0.0000,2.2861462400001127,17.494140625,1.6437179042414831,36.10546875
http2,S4,2,warmup,19.8000,419.334705,684.9492156,714.54734265,1305.1912740700009,0.0000,2.146738295632005,16.30078125,1.451642430646865,35.9296875
http2,S4,2,sustained,22.6000,852.929641,883.8513345,884.118605,2381.37978045,0.0000,2.254785670067742,17.309244791666668,1.8469125552554482,36.0537109375
http2,S4,2,cooldown,19.3000,536.641927,796.7978456000001,809.0158328,1464.2303432799993,0.0000,2.5217552869194035,17.205078125,1.4452381957731495,36.087890625
http2,S4,3,warmup,19.8000,440.767331,655.732157,750.9427718,1358.4523285900002,0.0000,1.6522164072922227,17.306640625,1.2620083137456497,35.408203125
http2,S4,3,sustained,22.6167,845.965193,883.9390286,885.7403214,1724.20309912,0.0000,2.308963140108522,17.589518229166668,1.8017125025399108,36.0771484375
http2,S4,3,cooldown,18.7000,544.712917,884.201606,884.4074865,1141.0056259999967,0.0000,2.556248946996823,17.369140625,1.7027090377164242,36.126953125
http2,S4,4,warmup,19.8000,454.786876,667.2747580000001,730.703446099999,860.5886105300004,0.0000,1.678567509187255,16.677734375,1.3939796995747353,35.892578125
http2,S4,4,sustained,22.5833,839.525374,883.6453736,1550.8518500999999,2478.9470518000003,0.0000,2.21248938958109,17.507161458333332,1.8844471579350128,36.164713541666664
http2,S4,4,cooldown,19.2000,456.6167775,818.7652607,841.65031415,1601.24677451,0.0000,2.3054311810764814,17.525390625,1.7069055237925843,37.982421875
http2,S4,5,warmup,19.7000,448.394051,722.0070456,740.4961613999997,856.6151631199996,0.0000,1.726811535263992,16.96875,1.1011377536207443,36.203125
http2,S4,5,sustained,22.5667,847.6859775,883.817559,884.0104107,1723.77124142,0.0000,2.108964649234997,17.5146484375,1.785791876394518,36.61328125
http2,S4,5,cooldown,19.0000,574.429025,791.6667542,834.71081705,1585.51595904,0.0000,2.358858098832429,17.76171875,1.852864067588222,36.06640625
http2,S4,6,warmup,19.0000,450.393995,721.4643972,734.4056034500001,815.9014358799993,0.0000,2.152905352161448,16.8828125,1.3780176369289554,35.744140625
http2,S4,6,sustained,22.6167,847.161898,883.7635274,884.2796936,1723.3186844,0.0000,2.247098479935068,17.4833984375,1.7587046644023687,36.000651041666664
http2,S4,6,cooldown,18.8000,487.516755,798.8759667,809.5680267500001,1555.83778972,0.0000,2.2972446770254704,17.591796875,1.5801841446726481,36.154296875
http2,S4,7,warmup,19.8000,454.8788805,721.9112559,734.256659,768.61586734,0.0000,1.4659990339941518,16.7734375,1.5030769298512796,35.625
http2,S4,7,sustained,22.5667,833.0632880000001,883.7404208,1553.02107455,2555.88318611,0.0000,2.3783553995797098,17.386067708333332,1.83372249739905,36.414388020833336
http2,S4,7,cooldown,19.1000,559.416658,789.47189,804.3663845,1584.6353467999988,0.0000,2.315485856861047,17.935546875,1.8056064487921386,36.408203125
http2,S4,8,warmup,19.9000,454.592423,681.4637404,716.693833,1367.5861512400033,0.0000,2.6442599008258156,16.98046875,1.5648388099037742,35.611328125
http2,S4,8,sustained,22.6167,847.731309,883.8271666,884.1070908,1722.42766656,0.0000,2.2431301427765096,17.571614583333332,1.7848489024570877,36.028971354166664
http2,S4,8,cooldown,19.1000,492.685328,772.293294,863.106851,1417.4178717,0.0000,2.381982006969225,17.69921875,1.4794188504867436,35.990234375
http2,S4,9,warmup,19.9000,455.096733,652.3886458000001,685.0953387,1147.00376332001,0.0000,1.6587116272477709,16.826171875,1.3485754206004328,36.123046875
http2,S4,9,sustained,22.6000,854.7175165,883.981624,884.2759215,1723.5950008,0.0000,2.27131991763097,17.3818359375,1.7918225190198032,36.4013671875
http2,S4,9,cooldown,18.9000,574.353342,834.324516,865.7562882,1476.7663611200005,0.0000,2.1195294231642867,17.70703125,1.4312325703732396,36.29296875
http2,S4,10,warmup,19.7000,454.678021,685.015564,766.377944,882.6909415199933,0.0000,2.045931867249462,16.8203125,1.4564136542072332,35.873046875
http2,S4,10,sustained,22.5833,849.406042,883.7870208,884.0353526,1723.2369790599998,0.0000,2.333327984825488,17.552408854166668,1.771658058501125,36.173502604166664
http2,S4,10,cooldown,19.1000,480.435008,863.492357,863.8734010000001,1596.06925,0.0000,2.559020051350511,17.423828125,1.8058014389531714,36.029296875
http2,S5,1,warmup,27.1000,298.227651,304.010922,576.1341375,1164.5506244000017,0.0000,1.3780391588368144,16.626953125,1.1095641489871708,35.759765625
http2,S5,1,sustained,58.3000,298.842669,584.6540542,597.02133325,1074.448425719999,0.0000,4.208210358907378,17.724609375,2.6897257331443707,36.1455078125
http2,S5,1,cooldown,31.5000,298.349182,554.6512914,585.3657583,951.9295984400005,0.0000,3.4806827337673365,17.853515625,2.510335072506601,36.294921875
http2,S5,2,warmup,28.5000,297.984658,302.1817908,305.0501188,586.2894985600001,0.0000,2.3095383329436103,17.43359375,1.6405625495037508,35.595703125
http2,S5,2,sustained,57.7500,298.580239,584.9698434,595.6263588,1069.9483346800018,0.0000,3.9731693779815647,18.3076171875,2.6906469750386854,35.921549479166664
http2,S5,2,cooldown,30.6000,297.9202515,582.065272,595.958892,1073.9224597499988,0.0000,2.7846432241291796,17.775390625,1.745448194157574,35.923828125
http2,S5,3,warmup,27.7000,298.366554,302.41168700000003,307.75002159999997,649.5512670800022,0.0000,2.857833684139436,16.7265625,1.8569746238711882,36.015625
http2,S5,3,sustained,57.9167,298.898151,585.0504356,596.3730824999999,976.1651907799993,0.0000,3.772436166970275,17.537760416666668,2.6674870004265383,36.0302734375
http2,S5,3,cooldown,30.2000,298.3012025,576.4715423,596.0842223,1094.85906303,0.0000,2.0264057939263287,17.611328125,2.14709643080851,35.91015625
http2,S5,4,warmup,26.9000,298.149496,303.771684,584.2240496,707.8596525199978,0.0000,1.6649959460842385,17.080078125,1.3966548082019976,35.46484375
http2,S5,4,sustained,57.8000,299.0171125,584.8811463000001,597.1170023,1072.46545708,0.0000,4.0898222850012145,18.101888020833332,2.7069582088888353,35.913736979166664
http2,S5,4,cooldown,31.4000,298.739436,573.8129113,592.76112645,601.10093018,0.0000,3.164357609805511,17.955078125,2.376807356348646,35.83984375
http2,S5,5,warmup,26.8000,298.157676,302.95504370000003,572.3684327999997,891.3286352499987,0.0000,2.380704668853092,16.5859375,2.0954191946950482,35.9921875
http2,S5,5,sustained,56.6167,298.908951,588.1397682,597.308992,1090.96576664,0.0000,3.9290550537581783,17.512044270833332,2.5915472180739054,36.42578125
http2,S5,5,cooldown,29.4000,298.502874,587.1435859999999,595.96952885,1087.7080464399999,0.0000,2.6803427171398,17.533203125,1.8159616659681213,35.814453125
http2,S5,6,warmup,27.9000,298.750027,302.3351576,306.4349875,586.9360539799999,0.0000,1.9035782244752097,17.216796875,1.455062729486762,36.08203125
http2,S5,6,sustained,59.3833,298.797692,572.3504644000001,593.5701306,967.3251131400001,0.0000,4.176200060218428,17.815104166666668,2.918454956000566,35.772786458333336
http2,S5,6,cooldown,30.7000,298.699343,576.8933096,590.4802726,960.7374960599999,0.0000,3.079680507380439,17.8046875,1.8794549387166568,36.060546875
http2,S5,7,warmup,27.6000,298.041182,302.433938,307.78699775,1085.0910905,0.0000,2.1693359834346424,17.34375,1.8342866255502364,35.736328125
http2,S5,7,sustained,58.5667,298.416076,581.3058937000001,594.5681495,964.2407214499999,0.0000,4.094512002337606,17.8798828125,2.662911502977648,35.912434895833336
http2,S5,7,cooldown,29.6000,298.7354985,584.891359,594.8676385,1105.1446930000004,0.0000,2.3721844734766497,17.3828125,1.9146896537803872,36.14453125
http2,S5,8,warmup,26.6000,298.8309895,304.82268,584.32190625,1008.9499495000027,0.0000,1.7072177159351605,17.16015625,1.538204955934722,35.728515625
http2,S5,8,sustained,57.9667,298.918359,586.1283516,596.9554337999999,1075.60275032,0.0000,4.082707194100252,17.8349609375,2.603014709469414,35.739908854166664
http2,S5,8,cooldown,30.3000,298.575573,570.3010776,594.5865896,939.3286083600002,0.0000,3.5024644232867805,17.427734375,2.2613557230234527,35.8046875
http2,S5,9,warmup,27.0000,298.375325,303.47189,579.4509624499999,1087.93020217,0.0000,2.860411652551672,16.677734375,1.983066584741995,36.287109375
http2,S5,9,sustained,57.0500,298.752968,587.9971524,597.2939607999999,1091.5460374599995,0.0000,4.152913343410057,17.706705729166668,2.8449817672316855,35.9287109375
http2,S5,9,cooldown,31.4000,297.4592285,302.8371983,590.2427041,1056.1137041800005,0.0000,3.0335761576901787,17.58984375,2.040940043816348,36.087890625
http2,S5,10,warmup,27.6000,298.00002,302.3807775,305.019462,983.64412325,0.0000,1.9682500574727846,17.154296875,1.4805301965788327,37.876953125
http2,S5,10,sustained,57.1167,298.96359,588.1474964,597.4611356,968.06803436,0.0000,4.068295918206588,17.674479166666668,2.661143199260581,35.8828125
http2,S5,10,cooldown,28.0000,299.6555515,592.4675641,599.4212729500001,1075.9051305599996,0.0000,2.981922587869639,17.384765625,2.350478741495139,35.9296875
http3,S1,1,warmup,1183.3000,8,13,13,14,0.0000,53.05791001755145,17.9765625,15.78254332490992,35.94140625
http3,S1,1,sustained,1391.2500,14,15,15,16,0.0024,69.5627138001167,20.313151041666668,23.888752998062316,36.466145833333336
http3,S1,1,cooldown,1246.4000,8,13,14,15,0.0000,71.15417074689879,19.65625,23.94454167011061,36.90234375
http3,S1,2,warmup,1184.3000,8,13,13,14,0.0000,47.56017129859583,19.173828125,17.34538556584305,36.79296875
http3,S1,2,sustained,1391.8500,14,15,15,15,0.0000,70.04173212030157,20.608723958333332,23.210465113640097,37.402018229166664
http3,S1,2,cooldown,1248.8000,8,13,14,15,0.0000,70.62368192371221,20.68359375,22.67489016188476,36.69140625
http3,S1,3,warmup,1181.6000,8,13,13,14,0.0000,44.62787379140836,21.853515625,15.364144983986623,36.884765625
http3,S1,3,sustained,1389.5500,14,15,15,17,0.0000,71.33576313615195,22.4794921875,24.795469220904764,36.861653645833336
http3,S1,3,cooldown,1251.2000,8,13,14,15,0.0000,72.60097258972726,22.14453125,23.55263552889275,36.861328125
http3,S1,4,warmup,1183.8000,8,13,13,14,0.0000,53.612584583838625,21.837890625,18.59561446545677,36.701171875
http3,S1,4,sustained,1391.7833,14,15,15,15,0.0000,71.19068384937101,23.197265625,22.576966941330287,36.930338541666664
http3,S1,4,cooldown,1242.9000,8,13,14,15,0.0000,70.2374498260663,23.548828125,23.68817189114259,37.072265625
http3,S1,5,warmup,1182.6000,8,13,13,14,0.0000,59.20265116894673,21.771484375,21.641495280293586,36.845703125
http3,S1,5,sustained,1391.8333,14,15,15,15,0.0000,68.22609247454544,23.581380208333332,22.823654082665858,36.805013020833336
http3,S1,5,cooldown,1246.7000,8,13,14,15,0.0000,65.25417064806743,22.63671875,22.673670668532317,36.970703125
http3,S1,6,warmup,1183.4000,8,13,13,14,0.0000,58.33275100269206,21.9765625,19.946317426732048,36.615234375
http3,S1,6,sustained,1389.4833,14,15,15,16,0.0000,69.66741685341972,23.6982421875,23.65681513448304,36.767252604166664
http3,S1,6,cooldown,1243.2000,8,13,14,15,0.0000,67.7554260431375,23.119140625,19.665056859941735,36.71875
http3,S1,7,warmup,1183.4000,8,13,13,14,0.0000,46.507294056835896,21.48828125,19.014167000880732,36.40234375
http3,S1,7,sustained,1345.9500,14,15,19,28,0.0000,77.73950115044993,23.840169270833332,26.159609930844894,36.569986979166664
http3,S1,7,cooldown,1227.8000,8,13,14,15,0.0000,75.16298851811062,24.0234375,26.36265039476109,36.82421875
http3,S1,8,warmup,1163.3000,8,13,13,16,0.0000,57.61157263325511,22.1640625,20.49424716668438,36.525390625
http3,S1,8,sustained,1381.4167,14,15,15,20,0.0000,75.84013810263723,24.156901041666668,26.120274646358833,36.727864583333336
http3,S1,8,cooldown,1194.1000,8,14,15,25,0.0000,81.18468594447862,23.533203125,23.820727482500843,36.712890625
http3,S1,9,warmup,1172.5000,8,13,13,14,0.0000,45.66822436445453,21.98046875,16.03179641007236,36.716796875
http3,S1,9,sustained,1390.8667,14,15,15,15,0.0000,71.71205388099547,23.762044270833332,23.033924228351424,36.677083333333336
http3,S1,9,cooldown,1249.8000,8,13,14,15,0.0000,69.80771443516986,23.31640625,22.890042035735632,36.81640625
http3,S1,10,warmup,1183.8000,8,13,13,14,0.0000,58.78164551248189,22.068359375,18.042432360227664,36.486328125
http3,S1,10,sustained,1391.8167,14,15,15,16,0.0000,68.2526220942314,23.3154296875,23.190439934918203,36.854817708333336
http3,S1,10,cooldown,1245.0000,8,13,14,15,0.0000,68.49358321317632,23.04296875,22.155531071156695,36.955078125
http3,S2,1,warmup,177.9000,49,65,68,89.66000000000008,0.0000,10.093809658908338,20.767578125,5.186425538351744,36.5546875
http3,S2,1,sustained,278.5333,72,72,72,72,0.0000,15.895539074684446,21.589518229166668,6.88734933047876,36.7216796875
http3,S2,1,cooldown,192.1000,50,68,72,72,0.0000,8.349794925342755,21.875,3.6550315848242176,36.734375
http3,S2,2,warmup,178.0000,49,65,68,87.42000000000007,0.0000,11.339044126411451,20.99609375,4.295303016133524,36.3046875
http3,S2,2,sustained,278.5167,72,72,72,72,0.0000,14.432103278845885,21.568359375,6.072342605112258,36.490885416666664
http3,S2,2,cooldown,192.4000,50,68,72,72,0.0000,8.668262316450534,21.708984375,4.049309022442291,36.724609375
http3,S2,3,warmup,177.6000,50,65,68,89.75,0.0000,12.874801540079286,20.943359375,5.323706513239488,36.796875
http3,S2,3,sustained,278.5167,72,72,72,72,0.0000,16.115188492053626,21.579427083333332,6.815473257637944,36.782552083333336
http3,S2,3,cooldown,191.7000,50,68,71,72,0.0000,7.810702749846927,21.77734375,2.765742602003205,37.009765625
http3,S2,4,warmup,177.7000,49,65,68,89.48000000000002,0.0000,13.487386193173688,21.373046875,5.9881497664931365,36.25390625
http3,S2,4,sustained,278.5167,72,72,72,72,0.0000,15.36946084567952,21.509440104166668,6.071113415652268,36.341796875
http3,S2,4,cooldown,191.9000,50,68,72,72,0.0000,8.61878071642678,22.06640625,4.559784263838148,36.51953125
http3,S2,5,warmup,177.8000,49,65,68,88.23000000000002,0.0000,12.675306766824262,23.564453125,5.181058357018735,36.642578125
http3,S2,5,sustained,278.5333,72,72,72,72,0.0000,15.681206759818622,21.3876953125,6.503249671265074,36.5234375
http3,S2,5,cooldown,191.9000,50,68,72,72,0.0000,9.473594516165864,21.7421875,4.200343096242561,36.5546875
http3,S2,6,warmup,177.7000,49,65,68,90.24000000000001,0.0000,12.297411943907914,21.2265625,4.44092029664026,36.6640625
http3,S2,6,sustained,278.5167,72,72,72,72,0.0000,16.152861916582744,21.7412109375,6.80811675203066,36.712239583333336
http3,S2,6,cooldown,191.3000,50,68,71,72,0.0000,9.326102055205864,21.9765625,4.965966389749428,36.740234375
http3,S2,7,warmup,177.4000,50,65,68,88.34999999999991,0.0000,15.765137586443405,21.20703125,6.8801884311408035,36.8203125
http3,S2,7,sustained,278.5167,72,72,72,72,0.0000,19.161366317865856,22.148111979166668,8.464378549946687,37.103190104166664
http3,S2,7,cooldown,191.5000,50,68,72,72,0.0000,10.49324956923887,21.759765625,3.888804217255947,36.3828125
http3,S2,8,warmup,177.8000,50,65,68,89.23000000000002,0.0000,17.922730481254803,21.15625,9.649734466076056,36.720703125
http3,S2,8,sustained,278.5167,72,72,72,72,0.0000,18.185365982971884,21.8896484375,8.102573623173205,37.216471354166664
http3,S2,8,cooldown,191.8000,50,68,72,72,0.0000,8.955561419470905,22.1640625,3.730429869008363,37.08984375
http3,S2,9,warmup,176.7000,50,65,68,87.35999999999967,0.0000,16.19894154804644,21.138671875,7.2880637675114555,36.4140625
http3,S2,9,sustained,278.5167,72,72,72,72,0.0000,16.747752193847933,21.617513020833332,6.96182507294161,36.6630859375
http3,S2,9,cooldown,191.7000,50,68,72,72,0.0000,10.209490173641498,21.541015625,4.769651687343716,36.97265625
http3,S2,10,warmup,177.3000,50,65,68,85.67999999999984,0.0000,17.73306966618288,20.837890625,8.060126675319015,36.4921875
http3,S2,10,sustained,278.5167,72,72,72,72,0.0000,18.75361318840502,21.900065104166668,8.510567420005572,36.449544270833336
http3,S2,10,cooldown,191.2000,50,68,72,72,0.0000,8.999836220592769,21.41796875,4.1228237075654635,36.66796875
http3,S3,1,warmup,69.7000,121,231,248,336.6799999999994,0.0000,7.246856999706139,20.802734375,3.2179316617023614,36.546875
http3,S3,1,sustained,135.1333,130,248,265,313.72000000000116,0.0000,10.64945427644526,22.019205729166668,4.932002522946702,36.488606770833336
http3,S3,1,cooldown,75.8000,121,234,250,283.8599999999999,0.0000,7.335147104531792,21.955078125,3.965196303771852,36.3671875
http3,S3,2,warmup,69.7000,121,227.39999999999998,249.39999999999986,354.079999999999,0.0000,7.657703093444907,21.64453125,3.6087344830285573,36.51953125
http3,S3,2,sustained,135.1500,130,248,265,306,0.0000,9.687225004005022,22.594075520833332,4.615814044674921,36.624348958333336
http3,S3,2,cooldown,73.9000,121,233,254.20000000000005,367.5400000000001,0.0000,5.38665050965561,24.31640625,2.42701649229856,36.59375
http3,S3,3,warmup,68.3000,122,232,253.89999999999998,357.7199999999998,0.0000,8.977458883297002,21.171875,3.3866911505143182,36.421875
http3,S3,3,sustained,135.4000,130,248,265,306,0.0000,11.029224113019596,22.162434895833332,4.867943058892995,36.6591796875
http3,S3,3,cooldown,73.4000,122,235.70000000000005,252,290.67999999999984,0.0000,5.065097685785606,22.091796875,3.05219426995075,36.892578125
http3,S3,4,warmup,69.6000,122,229,246.25,287.2499999999998,0.0000,6.760329543574546,21.17578125,3.403781805209321,36.224609375
http3,S3,4,sustained,135.8167,130,248,264,309,0.0000,11.645181092871,22.392252604166668,5.313941711729907,36.641927083333336
http3,S3,4,cooldown,76.5000,122,224,244.79999999999995,278.36,0.0000,6.119116745181897,22.400390625,2.861991536626637,36.5234375
http3,S3,5,warmup,69.2000,122,227.89999999999998,248,350.6300000000002,0.0000,7.616845324871719,21.44921875,4.573901366606139,36.47265625
http3,S3,5,sustained,136.0000,131,246,264,303.40999999999985,0.0000,11.225859966959465,22.109049479166668,4.937931835298395,36.9931640625
http3,S3,5,cooldown,73.9000,121,236,250.10000000000002,296.62,0.0000,4.581328475998757,21.984375,2.167493073258311,36.630859375
http3,S3,6,warmup,68.0000,121,235,261,370.2000000000007,0.0000,8.338936834363537,21.1796875,3.586181455526442,36.509765625
http3,S3,6,sustained,135.4167,130,248,264,308.7600000000002,0.0000,9.6458973903017,22.094401041666668,4.236919903485098,36.924153645833336
http3,S3,6,cooldown,74.8000,122,232,244.64999999999998,292.05999999999995,0.0000,3.3096675231799555,22.357421875,2.45522947921331,36.93359375
http3,S3,7,warmup,66.3000,122,237,261.39999999999986,391.52,0.0000,6.254275930597222,21.154296875,2.8297249424436286,36.388671875
http3,S3,7,sustained,135.9000,130,247.69999999999982,264,309.47000000000025,0.0000,9.15892286629309,22.439453125,4.0497935867935455,36.901692708333336
http3,S3,7,cooldown,75.4000,121,232,245,322.0900000000013,0.0000,5.331918244348918,22.6015625,2.6023232704386245,36.5546875
http3,S3,8,warmup,69.8000,122,228.30000000000007,245.14999999999998,287.0899999999999,0.0000,8.382705439560484,21.736328125,3.7707956986568014,36.59375
http3,S3,8,sustained,135.0833,130,248,265,309.96000000000004,0.0000,9.3216698844534,22.588216145833332,4.0700471160961476,36.6494140625
http3,S3,8,cooldown,76.1000,121,229,245,281.59999999999957,0.0000,4.9118886112495295,22.57421875,2.549688262534032,36.611328125
http3,S3,9,warmup,68.3000,121,234.80000000000007,250,338,0.0000,6.5197107281969835,21.32421875,2.8741635336658318,36.357421875
http3,S3,9,sustained,136.2500,130,247,265,306,0.0000,8.943002221447669,22.097981770833332,4.0813908183633165,36.768880208333336
http3,S3,9,cooldown,75.2000,122,231,247,281.98,0.0000,4.249362003082513,22.552734375,2.176709977176978,37.1484375
http3,S3,10,warmup,68.8000,122,231.30000000000007,249,335.41999999999985,0.0000,6.849944715215493,21.755859375,3.074685591537397,36.27734375
http3,S3,10,sustained,135.2667,130,248,265,309.85000000000036,0.0000,9.168657260284823,22.322591145833332,4.070173493070346,36.527669270833336
http3,S3,10,cooldown,73.7000,122,236,250.19999999999993,293.28,0.0000,4.012857484016924,22.404296875,2.464236973579982,36.634765625
http3,S4,1,warmup,19.0000,482,840.3,994.7999999999997,1520.0099999999986,0.0000,3.063852661608119,22.01171875,1.4649653043355793,36.609375
http3,S4,1,sustained,22.1167,897,920,928,1744.5400000000002,0.0000,2.7775357597241834,22.062825520833332,1.6950465584497312,36.828776041666664
http3,S4,1,cooldown,18.7000,516,896.4,897,1545.0399999999981,0.0000,1.879879151128389,22.0703125,1.7821270746070756,36.599609375
http3,S4,2,warmup,19.0000,531,798.1,1005.6999999999994,1640.6799999999987,0.0000,3.0777973026630194,21.87109375,1.629188197298994,36.310546875
http3,S4,2,sustained,22.1333,897,919,921,1750.73,0.0000,2.72114141124257,22.322916666666668,1.6884449615592574,36.610026041666664
http3,S4,2,cooldown,18.6000,539,852,896,1471.7500000000014,0.0000,2.650557012056367,22.24609375,1.6643631562282883,36.65234375
http3,S4,3,warmup,19.0000,532,820,1040.8999999999976,1538.3299999999986,0.0000,3.6589078502192183,22.2265625,2.093884667044715,36.41796875
http3,S4,3,sustained,22.1333,897,919,927,1764.1100000000001,0.0000,3.0303393788862265,22.565755208333332,1.988703297446062,36.9814453125
http3,S4,3,cooldown,18.6000,561,897,897,898,0.0000,2.0227790846666083,22.7265625,1.269592333270269,36.6484375
http3,S4,4,warmup,19.1000,523,831,886.5,1566.3999999999996,0.0000,3.3355019218524147,21.99609375,1.5573898629743717,36.55859375
http3,S4,4,sustained,22.1167,887,907,927,1788.8000000000002,0.0000,3.1290629176412956,22.394856770833332,1.8822158733130783,37.076497395833336
http3,S4,4,cooldown,18.5000,518,832,897,1331.6399999999994,0.0000,2.70573541129988,22.31640625,1.5557994459453464,36.982421875
http3,S4,5,warmup,18.9000,499,824.2,890.6,1579.2000000000003,0.0000,3.049098832434174,22.13671875,1.7486100705017558,36.45703125
http3,S4,5,sustained,22.1000,884,919,928.75,1794,0.0000,2.9044719235091847,22.152994791666668,1.8404734285916238,36.513671875
http3,S4,5,cooldown,18.7000,539,853,853,866.4599999999988,0.0000,2.1197590843786953,22.083984375,1.2311560684944318,36.52734375
http3,S4,6,warmup,19.0000,494,844.1,1165.999999999999,1565.729999999998,0.0000,2.4136253661640525,21.845703125,1.1889780807751062,36.1640625
http3,S4,6,sustained,22.1167,897,912,920,1780.4,0.0000,2.844936296139323,21.9521484375,1.843362920621929,36.582356770833336
http3,S4,6,cooldown,18.8000,539,853,897,897,0.0000,2.8601451995128464,22.04296875,1.595254233022317,36.50390625
http3,S4,7,warmup,19.1000,535,838,990,1522.3999999999996,0.0000,2.1603556006465605,22.09375,1.3517637300348915,36.580078125
http3,S4,7,sustained,22.1000,896,913,928,1750,0.0000,2.7304000257954573,22.5458984375,1.632147587023363,36.704752604166664
http3,S4,7,cooldown,18.8000,559,860,861,1386.1199999999994,0.0000,2.9231679718687507,22.078125,1.835066686316737,36.92578125
http3,S4,8,warmup,19.2000,513.5,842.5,890,1563.9300000000003,0.0000,2.168800105735717,21.91015625,1.2107268252429249,36.580078125
http3,S4,8,sustained,22.1000,897,914,927,1749,0.0000,2.564060747594952,22.14453125,1.6540983855178502,36.939778645833336
http3,S4,8,cooldown,18.7000,495,853,897,898,0.0000,2.418171018011375,22.22265625,2.078852386528153,37.072265625
http3,S4,9,warmup,18.9000,533,824.2,967.1999999999995,1596.3200000000006,0.0000,2.1793889237049084,21.8046875,1.7572206914311987,36.451171875
http3,S4,9,sustained,22.1167,897,920,928,1794.74,0.0000,2.8884112863451703,22.199544270833332,1.6759936076409876,36.670247395833336
http3,S4,9,cooldown,18.8000,539,875,875,897,0.0000,2.539998863933012,22.09375,1.2210315169220087,36.77734375
http3,S4,10,warmup,19.1000,494,810,1022,1635.4999999999995,0.0000,2.719738692195513,21.86328125,1.8505266037647115,36.421875
http3,S4,10,sustained,22.1000,884,919,927,1769.5,0.0000,2.6078292245188575,22.152018229166668,1.636826047348033,36.5712890625
http3,S4,10,cooldown,18.8000,539,897,897,898,0.0000,2.808165237430321,22.380859375,1.3183782029843067,36.576171875
http3,S5,1,warmup,30.3000,298,303,589.9,604.98,0.0000,3.3356240019938124,22.181640625,1.9696363198979676,36.2109375
http3,S5,1,sustained,64.0500,298,303,310,627,0.0000,5.1507284945219425,22.067708333333332,2.5529986552704673,36.71484375
http3,S5,1,cooldown,33.2000,298,303,584,626.45,0.0000,2.386166918935325,22.1640625,1.7747142531763938,36.75390625
http3,S5,2,warmup,29.6000,298,308,593,643.2500000000025,0.0000,2.893326160634271,22.453125,1.5776817095665467,36.509765625
http3,S5,2,sustained,64.4500,299,303,307,624.3400000000001,0.0000,4.685645998550492,22.4873046875,2.425430573220599,36.443359375
http3,S5,2,cooldown,33.0000,298,302.1,573.55,632.71,0.0000,3.3455339347453883,22.265625,1.9885059305468178,36.65625
http3,S5,3,warmup,29.6000,298,574,592.25,613.05,0.0000,3.0569270043547485,22.740234375,1.4916880198645721,36.26953125
http3,S5,3,sustained,64.0167,298,303,310,627,0.0000,4.858527501146502,22.171549479166668,2.4530246960804547,36.427734375
http3,S5,3,cooldown,33.8000,297,302,303.15,613,0.0000,3.860916852367581,22.15234375,2.28966424630141,36.818359375
http3,S5,4,warmup,29.3000,298,567.4000000000001,598,653.5999999999965,0.0000,2.9861923537383563,21.75,1.8905902015950702,36.490234375
http3,S5,4,sustained,64.2500,298,303,309,625.46,0.0000,4.913893196901436,22.615885416666668,2.662748945379969,36.424479166666664
http3,S5,4,cooldown,34.0000,296,302,304,608.7600000000002,0.0000,3.5154500969877733,22.640625,2.0090388876622747,36.30078125
http3,S5,5,warmup,29.7000,299,309,589,629.2400000000001,0.0000,2.931323906575246,22.169921875,2.1209308015499237,35.76171875
http3,S5,5,sustained,64.4833,298,303,307.5999999999999,624,0.0000,4.945705135785321,22.760416666666668,2.6845680033939954,35.933919270833336
http3,S5,5,cooldown,33.9000,299,303,308,610.8400000000001,0.0000,3.003145218356123,22.517578125,2.265603390877636,36.09375
http3,S5,6,warmup,29.5000,299,567.2000000000003,591.6,918.3000000000004,0.0000,3.2759596077173443,22.3515625,2.112160100629163,35.9453125
http3,S5,6,sustained,64.2500,299,303,308,623.46,0.0000,4.770641775744649,22.3515625,2.5131658742762384,35.971354166666664
http3,S5,6,cooldown,32.7000,298,303.40000000000003,577.7,617.1400000000001,0.0000,2.9468036222964455,22.755859375,1.6421695951112087,36.369140625
http3,S5,7,warmup,30.0000,299,567.7000000000002,591.05,662.9599999999982,0.0000,4.126838433515227,22.482421875,1.9393599255058358,35.943359375
http3,S5,7,sustained,63.8500,298,303,557,628.3999999999996,0.0000,4.7708642808951165,22.353190104166668,2.5504354966524594,35.933919270833336
http3,S5,7,cooldown,32.8000,298,303.3,570.5999999999999,624.46,0.0000,2.5215639377015044,22.41796875,1.4765880862897234,36.078125
http3,S5,8,warmup,29.6000,299,309.5,594.25,669.2000000000021,0.0000,3.331147225950179,22.013671875,1.9899635671151703,35.67578125
http3,S5,8,sustained,64.4833,298,303,308,625.3200000000002,0.0000,5.048444258270046,22.676106770833332,2.654767711750537,36.159830729166664
http3,S5,8,cooldown,34.0000,298,302,304.1,613.6600000000001,0.0000,3.125686478100591,22.318359375,1.6039819489668172,36.1875
http3,S5,9,warmup,29.7000,299,410.40000000000805,593,633,0.0000,3.8961618562580442,21.8046875,2.20603574679855,36.0390625
http3,S5,9,sustained,64.4500,299,303,307,626,0.0000,5.580268233933104,22.022135416666668,3.0420849991039955,35.958333333333336
http3,S5,9,cooldown,34.3000,297,302,303,615.16,0.0000,3.508538532929281,22.0859375,1.851240556420468,36.15234375
http3,S5,10,warmup,30.2000,298,303,584.9,621.8000000000002,0.0000,3.8221402154206006,21.818359375,2.237379019733092,36.169921875
http3,S5,10,sustained,64.0833,298,303,309,626,0.0000,5.521755896121358,22.077799479166668,2.8662346429270924,36.013671875
http3,S5,10,cooldown,33.4000,298,303,577.05,629.3700000000001,0.0000,3.7191071637465294,22.2734375,2.072190617331146,36.056640625
