protocol,scenario,repetition,throughput_rps,latency_p50,latency_p90,latency_p95,latency_p99,error_rate_pct,cpu_caddy_pct,mem_caddy_mb,cpu_backend_pct,mem_backend_mb
http1.1,S1,1,1407.5333,13.9270375,14.0416551,14.339325749999999,19.818036170000006,0.0000,58.30208257913101,17.697591145833332,33.376346179820786,31.337890625
http1.1,S1,2,1418.9333,13.922858000000002,14.007000999999999,14.06745875,14.952194699999982,0.0000,57.519003204732044,17.8994140625,32.23351263887851,30.430989583333332
http1.1,S1,3,1420.7167,13.94819,13.9977404,14.0271096,14.23010666,0.0000,46.95022993210938,17.6357421875,24.62463121661098,28.396158854166668
http1.1,S1,4,1416.9667,13.9256995,14.0076958,14.0624681,15.448648620000018,0.0000,57.211015479631044,17.779296875,29.559129808617037,31.2919921875
http1.1,S1,5,1417.7000,13.903194,14.0136428,14.072563800000001,15.215826129999998,0.0000,61.197276991171094,17.863606770833332,34.422987576869154,34.202473958333336
http1.1,S1,6,1420.5167,13.923025,13.993297,14.032917999999999,14.314619799999997,0.0000,55.75577116180569,18.062825520833332,28.588264423228434,34.714518229166664
http1.1,S1,7,1419.8500,13.906913,14.006538,14.053273,14.5402711,0.0000,60.751162937133756,18.052408854166668,31.82913848942714,35.158528645833336
http1.1,S1,8,1420.1833,13.923363,13.99291,14.0313345,14.229028999999992,0.0000,55.13393425143005,17.908854166666668,27.841554389134764,35.698567708333336
http1.1,S1,9,1420.6667,13.912486000000001,13.9936191,14.031462549999999,14.218436480000001,0.0000,57.903926952611805,18.060221354166668,31.516777583892644,35.735677083333336
http1.1,S1,10,1420.6167,13.922417,13.9869866,14.020181,14.15407112,0.0000,52.318294809522726,17.892903645833332,29.001437649137422,36.1611328125
http1.1,S2,1,284.1667,70.18081699999999,70.2704747,70.29811705,70.36833046,0.0000,13.382762371498949,16.892252604166668,10.019707933969515,36.4599609375
http1.1,S2,2,284.1667,70.163014,70.2634357,70.2941842,70.36745761,0.0000,15.522303572731811,16.948567708333332,10.971418461452705,36.3486328125
http1.1,S2,3,284.1667,70.1961295,70.2775732,70.30379015,70.3664114,0.0000,12.414690526928675,17.104166666666668,9.0054953290302,36.735026041666664
http1.1,S2,4,284.1667,70.1424135,70.2584033,70.29097555,70.36043588,0.0000,16.28662528511885,17.046223958333332,11.623618228611095,36.454427083333336
http1.1,S2,5,283.7167,70.147775,70.263994,70.2974454,70.3855623,0.0000,12.199325374168291,17.9990234375,7.626315940602086,36.241536458333336
http1.1,S2,6,284.1667,70.1513105,70.263919,70.2950441,70.37798777,0.0000,16.713234535570198,17.444661458333332,11.76773374638002,36.449544270833336
http1.1,S2,7,284.1667,70.19325,70.2767129,70.3037212,70.37491063,0.0000,12.167700893691169,17.905924479166668,8.292950731870572,36.45703125
http1.1,S2,8,284.1667,70.192566,70.2763335,70.30208155,70.36657503,0.0000,12.403036048795826,17.352864583333332,9.269377857694142,36.7841796875
http1.1,S2,9,284.1667,70.18742950000001,70.2730702,70.3005257,70.36606185,0.0000,12.570579322917844,17.3349609375,9.203569249461612,36.619791666666664
http1.1,S2,10,284.1667,70.197091,70.2770868,70.3003142,70.36044705,0.0000,12.157228584050571,17.897135416666668,8.959378355741185,36.343424479166664
http1.1,S3,1,117.9667,122.11137199999999,244.6590024,360.25418454999993,578.4336602199999,0.0000,6.738091775435199,17.387369791666668,4.806256597654921,36.022135416666664
http1.1,S3,2,114.5167,122.21439,245.74966,369.374198,584.5257665,0.0000,6.208845607249042,18.079752604166668,5.022658387856033,35.659505208333336
http1.1,S3,3,117.3333,122.23647,245.2135219,360.40493709999976,582.84245905,0.0000,6.4487000662717096,17.706705729166668,5.050197512843537,35.947265625
http1.1,S3,4,115.4667,122.03385399999999,244.8122091,368.02886555,581.2249099599999,0.0000,6.3124500814767375,17.515950520833332,4.980676074389947,35.883138020833336
http1.1,S3,5,114.8667,122.245292,245.64780070000006,365.9506823,583.8657362900001,0.0000,6.412720978369988,17.121419270833332,4.7610268731793886,36.072591145833336
http1.1,S3,6,118.6000,121.92038550000001,244.46228250000001,360.48675000000003,578.4465467,0.0000,6.470329758170592,17.203450520833332,4.95047560321367,35.964192708333336
http1.1,S3,7,116.2000,122.051908,244.8861893,371.40298374999986,584.15869156,0.0000,6.242891027067219,17.796223958333332,5.127226376027539,35.999674479166664
http1.1,S3,8,115.9000,122.04361850000001,245.1993694,366.4848653499999,585.8521373300003,0.0000,6.652379229767481,17.531575520833332,4.962560428359077,36.216796875
http1.1,S3,9,117.4667,121.989981,244.4576764,363.92496404999997,583.69580426,0.0000,6.6969385388676415,17.15234375,5.102666453261667,36.168619791666664
http1.1,S3,10,116.9000,122.1577815,244.98655829999998,362.77340519999996,582.88515489,0.0000,6.603015492476541,17.528645833333332,5.1991192744663834,36.1826171875
http1.1,S4,1,22.7167,843.51407,879.606135,879.6780398,1715.3529538,0.0000,2.267368252948122,17.54296875,2.1092680416903,35.8740234375
http1.1,S4,2,22.7167,842.912156,879.5894724,879.660698,2516.972224359999,0.0000,2.380967880732667,17.53515625,2.184719035029127,35.898111979166664
http1.1,S4,3,22.7333,842.9432105000001,879.5329611999999,879.6228261,2556.7387740499985,0.0000,2.2982964321035046,17.392903645833332,1.989398427699843,35.97265625
http1.1,S4,4,22.7167,873.101189,879.6389486,879.7062311,1673.8961934399993,0.0000,2.4910959861164805,17.605794270833332,2.4482535491902446,35.90234375
http1.1,S4,5,22.7000,827.2367105000001,879.5786983,881.498077,2577.1908333600027,0.0000,2.5192114875432314,17.1513671875,2.3019392207574976,35.804361979166664
http1.1,S4,6,22.7000,850.297498,879.5940731,879.6475468,1715.39569136,0.0000,2.56992057773571,17.367838541666668,2.1208212880233748,35.913411458333336
http1.1,S4,7,22.7333,843.1403655,879.4964227,879.66057985,2526.808041749996,0.0000,2.229553707713126,17.28125,1.9805854454545975,35.878580729166664
http1.1,S4,8,22.7333,842.932039,879.613149,879.7010978,2331.4061133699934,0.0000,2.2111015666398264,17.193359375,1.961155895252915,35.978515625
http1.1,S4,9,22.7333,843.8944235,879.5875695999999,879.7234056,1715.37606977,0.0000,2.0495576660070323,17.1748046875,1.889871824312252,35.6640625
http1.1,S4,10,22.7333,850.718301,879.6455094,879.73290485,1715.2807630300001,0.0000,1.8908927406414713,17.143880208333332,1.817452856333247,35.830078125
http1.1,S5,1,60.4833,296.778933,305.5534694,589.9132414,958.2921824399994,0.0000,2.9758976958696453,17.286458333333332,2.713630292581462,35.752278645833336
http1.1,S5,2,59.3333,296.7956925,575.3687114,591.92436135,1086.6246050999998,0.0000,2.9333606087643953,17.190755208333332,2.5621858238546613,36.245442708333336
http1.1,S5,3,59.4167,296.586031,567.0117764,590.5830092,1079.94977376,0.0000,3.1461017874984103,17.586588541666668,2.7614116453216226,35.8408203125
http1.1,S5,4,59.8333,296.6990575,560.1988750999997,590.8948795,955.0761145600006,0.0000,3.184564690157704,17.239583333333332,2.6034883311378323,35.956705729166664
http1.1,S5,5,59.9333,296.662544,553.0416655,590.39220575,961.5961608500002,0.0000,3.061974071555559,17.277994791666668,2.788455201094792,37.0732421875
http1.1,S5,6,60.1833,296.362492,305.701937,589.759764,1067.1708135000001,0.0000,3.2567621458476457,17.540690104166668,2.6412167447146,35.7548828125
http1.1,S5,7,60.2667,296.4954675,306.9894615,590.249514,1053.60223145,0.0000,3.1285581030977543,17.757161458333332,2.644285563576479,35.653645833333336
http1.1,S5,8,59.2833,296.545117,567.2856786,590.8225689999999,1080.20716408,0.0000,3.057429235446233,17.23046875,2.611311847862042,35.969075520833336
http1.1,S5,9,59.6667,296.767286,567.8189508999999,591.5502837999999,960.6253952000003,0.0000,3.4104608033619885,17.552734375,2.805207615647109,35.794921875
http1.1,S5,10,60.6000,296.2911695,304.639819,588.612437,954.9946655000001,0.0000,3.086735966234454,17.374674479166668,2.8379025962722086,36.3203125
http2,S1,1,1417.2667,13.9829185,14.043783,14.079190500000001,14.27980045,0.0000,56.85500976551966,18.181315104166668,22.921247998401736,36.652669270833336
http2,S1,2,1417.2500,13.981876,14.0448256,14.0804599,14.29946168,0.0000,55.39049474783808,18.0234375,22.909725501142155,36.56640625
http2,S1,3,1417.3500,13.988356,14.041838,14.067769,14.177588000000002,0.0000,54.92673211714343,18.4453125,20.44536088516917,36.506184895833336
http2,S1,4,1415.7333,13.986669,14.0469829,14.0858884,14.48087660999999,0.0000,53.434265407005626,18.390299479166668,22.05784537789984,36.496419270833336
http2,S1,5,1417.2167,13.988113,14.042619799999999,14.0723278,14.255270239999993,0.0000,53.148057457203905,18.1787109375,21.955981464828074,36.978190104166664
http2,S1,6,1416.6833,13.980654,14.046719,14.088447,14.473829,0.0000,57.917390247658716,18.607096354166668,23.12230262668504,36.7060546875
http2,S1,7,1416.9333,13.9819605,14.0472355,14.0868905,14.376712600000008,0.0000,58.298205816459216,18.28125,22.985142708133463,36.722330729166664
http2,S1,8,1417.3333,13.984747,14.0440763,14.07324765,14.2187804,0.0000,55.082131290969436,18.285807291666668,22.053394952778397,36.431315104166664
http2,S1,9,1417.2000,13.983977,14.044634499999999,14.07584625,14.25538104,0.0000,57.1401072267643,18.312825520833332,21.730851805015014,36.463216145833336
http2,S1,10,1416.9333,13.983100499999999,14.044689,14.081958,14.3392312,0.0000,57.15162910478263,18.8046875,22.973064303668362,36.840169270833336
http2,S2,1,283.4333,70.41848300000001,70.5305175,70.5713235,70.6618149,0.0000,12.68221345195109,17.680013020833332,6.487238355805701,37.018229166666664
http2,S2,2,283.4333,70.4169155,70.526543,70.5662785,70.65004645,0.0000,12.276627242021878,17.936848958333332,6.340350629770951,36.876302083333336
http2,S2,3,283.4500,70.423159,70.5340276,70.5754803,70.66618988,0.0000,11.85333350181262,17.659505208333332,6.05540457794488,36.732747395833336
http2,S2,4,283.4333,70.43536399999999,70.541455,70.58155425,70.6760941,0.0000,10.83311744819133,17.804036458333332,5.476240971348157,36.894856770833336
http2,S2,5,283.4500,70.432861,70.5384286,70.57971099999999,70.66998938,0.0000,11.313344244170867,17.739908854166668,5.7383190797711485,37.044270833333336
http2,S2,6,283.4333,70.4170175,70.5285235,70.56846250000001,70.65916804999999,0.0000,12.235650197579488,17.815755208333332,6.337635242232385,37.08984375
http2,S2,7,283.4333,70.4073765,70.5280015,70.567294,70.65648695,0.0000,13.982227813147315,17.795572916666668,7.048494386124512,36.990559895833336
http2,S2,8,283.4333,70.4021955,70.51934600000001,70.56171525,70.65229355000001,0.0000,13.12566833263927,17.938802083333332,7.146536883779096,36.948567708333336
http2,S2,9,283.4500,70.41731,70.52695159999999,70.5649221,70.64673954,0.0000,12.272712183733614,17.769856770833332,6.499384497652281,37.005859375
http2,S2,10,283.4500,70.414094,70.5296968,70.5731601,70.6685958,0.0000,12.612222396552347,17.558268229166668,6.8773531647557,36.931315104166664
http2,S3,1,105.9167,125.666921,249.67348040000002,364.55318979999987,622.4313627200008,0.0000,5.933175702173147,17.856770833333332,3.71878669977945,36.706380208333336
http2,S3,2,106.3167,125.441579,249.0391024,372.2287246999999,588.7907376400004,0.0000,6.015191935062514,17.818684895833332,3.6209643882369993,37.0908203125
http2,S3,3,106.7333,124.93032500000001,248.1840028,363.17004319999995,587.50496417,0.0000,5.87715935001732,17.697265625,3.6837447462189554,37.033528645833336
http2,S3,4,106.4833,124.978253,249.02387579999998,366.55866799999995,596.61113172,0.0000,5.836186941169732,17.916666666666668,3.564481099681953,37.224283854166664
http2,S3,5,105.7167,124.650381,250.29503800000003,378.60220969999983,638.1310385599994,0.0000,5.890484291166685,17.9375,3.7744100157156026,36.444661458333336
http2,S3,6,107.3667,125.242423,248.9092526,363.6990056499999,586.4719096599999,0.0000,6.242706714830351,17.551106770833332,3.6706524198768573,35.962239583333336
http2,S3,7,107.3833,124.649544,249.529041,364.18482869999997,598.1681585399997,0.0000,6.165268382675206,17.994140625,3.556002318257886,35.9013671875
http2,S3,8,108.4167,124.195463,248.18675440000007,363.76021439999994,590.6757753200001,0.0000,6.186914901109011,17.48828125,3.5781365597034753,36.02734375
http2,S3,9,106.0500,125.491354,251.38445120000003,371.93455389999974,595.2328016000001,0.0000,6.276412792038218,17.730143229166668,3.8064860332364736,36.110677083333336
http2,S3,10,104.3833,126.461887,251.413794,374.59937619999994,605.6698226000002,0.0000,6.416239027978182,17.764973958333332,3.7004198336759897,36.109049479166664
http2,S4,1,22.5833,868.720899,883.8847306,884.1994943,1716.87952672,0.0000,2.3830225497044264,17.559244791666668,1.768241799871674,35.946614583333336
http2,S4,2,22.6000,852.929641,883.8513345,884.118605,2381.37978045,0.0000,2.254785670067742,17.309244791666668,1.8469125552554482,36.0537109375
http2,S4,3,22.6167,845.965193,883.9390286,885.7403214,1724.20309912,0.0000,2.308963140108522,17.589518229166668,1.8017125025399108,36.0771484375
http2,S4,4,22.5833,839.525374,883.6453736,1550.8518500999999,2478.9470518000003,0.0000,2.21248938958109,17.507161458333332,1.8844471579350128,36.164713541666664
http2,S4,5,22.5667,847.6859775,883.817559,884.0104107,1723.77124142,0.0000,2.108964649234997,17.5146484375,1.785791876394518,36.61328125
http2,S4,6,22.6167,847.161898,883.7635274,884.2796936,1723.3186844,0.0000,2.247098479935068,17.4833984375,1.7587046644023687,36.000651041666664
http2,S4,7,22.5667,833.0632880000001,883.7404208,1553.02107455,2555.88318611,0.0000,2.3783553995797098,17.386067708333332,1.83372249739905,36.414388020833336
http2,S4,8,22.6167,847.731309,883.8271666,884.1070908,1722.42766656,0.0000,2.2431301427765096,17.571614583333332,1.7848489024570877,36.028971354166664
http2,S4,9,22.6000,854.7175165,883.981624,884.2759215,1723.5950008,0.0000,2.27131991763097,17.3818359375,1.7918225190198032,36.4013671875
http2,S4,10,22.5833,849.406042,883.7870208,884.0353526,1723.2369790599998,0.0000,2.333327984825488,17.552408854166668,1.771658058501125,36.173502604166664
http2,S5,1,58.3000,298.842669,584.6540542,597.02133325,1074.448425719999,0.0000,4.208210358907378,17.724609375,2.6897257331443707,36.1455078125
http2,S5,2,57.7500,298.580239,584.9698434,595.6263588,1069.9483346800018,0.0000,3.9731693779815647,18.3076171875,2.6906469750386854,35.921549479166664
http2,S5,3,57.9167,298.898151,585.0504356,596.3730824999999,976.1651907799993,0.0000,3.772436166970275,17.537760416666668,2.6674870004265383,36.0302734375
http2,S5,4,57.8000,299.0171125,584.8811463000001,597.1170023,1072.46545708,0.0000,4.0898222850012145,18.101888020833332,2.7069582088888353,35.913736979166664
http2,S5,5,56.6167,298.908951,588.1397682,597.308992,1090.96576664,0.0000,3.9290550537581783,17.512044270833332,2.5915472180739054,36.42578125
http2,S5,6,59.3833,298.797692,572.3504644000001,593.5701306,967.3251131400001,0.0000,4.176200060218428,17.815104166666668,2.918454956000566,35.772786458333336
http2,S5,7,58.5667,298.416076,581.3058937000001,594.5681495,964.2407214499999,0.0000,4.094512002337606,17.8798828125,2.662911502977648,35.912434895833336
http2,S5,8,57.9667,298.918359,586.1283516,596.9554337999999,1075.60275032,0.0000,4.082707194100252,17.8349609375,2.603014709469414,35.739908854166664
http2,S5,9,57.0500,298.752968,587.9971524,597.2939607999999,1091.5460374599995,0.0000,4.152913343410057,17.706705729166668,2.8449817672316855,35.9287109375
http2,S5,10,57.1167,298.96359,588.1474964,597.4611356,968.06803436,0.0000,4.068295918206588,17.674479166666668,2.661143199260581,35.8828125
http3,S1,1,1391.2500,14,15,15,16,0.0024,69.5627138001167,20.313151041666668,23.888752998062316,36.466145833333336
http3,S1,2,1391.8500,14,15,15,15,0.0000,70.04173212030157,20.608723958333332,23.210465113640097,37.402018229166664
http3,S1,3,1389.5500,14,15,15,17,0.0000,71.33576313615195,22.4794921875,24.795469220904764,36.861653645833336
http3,S1,4,1391.7833,14,15,15,15,0.0000,71.19068384937101,23.197265625,22.576966941330287,36.930338541666664
http3,S1,5,1391.8333,14,15,15,15,0.0000,68.22609247454544,23.581380208333332,22.823654082665858,36.805013020833336
http3,S1,6,1389.4833,14,15,15,16,0.0000,69.66741685341972,23.6982421875,23.65681513448304,36.767252604166664
http3,S1,7,1345.9500,14,15,19,28,0.0000,77.73950115044993,23.840169270833332,26.159609930844894,36.569986979166664
http3,S1,8,1381.4167,14,15,15,20,0.0000,75.84013810263723,24.156901041666668,26.120274646358833,36.727864583333336
http3,S1,9,1390.8667,14,15,15,15,0.0000,71.71205388099547,23.762044270833332,23.033924228351424,36.677083333333336
http3,S1,10,1391.8167,14,15,15,16,0.0000,68.2526220942314,23.3154296875,23.190439934918203,36.854817708333336
http3,S2,1,278.5333,72,72,72,72,0.0000,15.895539074684446,21.589518229166668,6.88734933047876,36.7216796875
http3,S2,2,278.5167,72,72,72,72,0.0000,14.432103278845885,21.568359375,6.072342605112258,36.490885416666664
http3,S2,3,278.5167,72,72,72,72,0.0000,16.115188492053626,21.579427083333332,6.815473257637944,36.782552083333336
http3,S2,4,278.5167,72,72,72,72,0.0000,15.36946084567952,21.509440104166668,6.071113415652268,36.341796875
http3,S2,5,278.5333,72,72,72,72,0.0000,15.681206759818622,21.3876953125,6.503249671265074,36.5234375
http3,S2,6,278.5167,72,72,72,72,0.0000,16.152861916582744,21.7412109375,6.80811675203066,36.712239583333336
http3,S2,7,278.5167,72,72,72,72,0.0000,19.161366317865856,22.148111979166668,8.464378549946687,37.103190104166664
http3,S2,8,278.5167,72,72,72,72,0.0000,18.185365982971884,21.8896484375,8.102573623173205,37.216471354166664
http3,S2,9,278.5167,72,72,72,72,0.0000,16.747752193847933,21.617513020833332,6.96182507294161,36.6630859375
http3,S2,10,278.5167,72,72,72,72,0.0000,18.75361318840502,21.900065104166668,8.510567420005572,36.449544270833336
http3,S3,1,135.1333,130,248,265,313.72000000000116,0.0000,10.64945427644526,22.019205729166668,4.932002522946702,36.488606770833336
http3,S3,2,135.1500,130,248,265,306,0.0000,9.687225004005022,22.594075520833332,4.615814044674921,36.624348958333336
http3,S3,3,135.4000,130,248,265,306,0.0000,11.029224113019596,22.162434895833332,4.867943058892995,36.6591796875
http3,S3,4,135.8167,130,248,264,309,0.0000,11.645181092871,22.392252604166668,5.313941711729907,36.641927083333336
http3,S3,5,136.0000,131,246,264,303.40999999999985,0.0000,11.225859966959465,22.109049479166668,4.937931835298395,36.9931640625
http3,S3,6,135.4167,130,248,264,308.7600000000002,0.0000,9.6458973903017,22.094401041666668,4.236919903485098,36.924153645833336
http3,S3,7,135.9000,130,247.69999999999982,264,309.47000000000025,0.0000,9.15892286629309,22.439453125,4.0497935867935455,36.901692708333336
http3,S3,8,135.0833,130,248,265,309.96000000000004,0.0000,9.3216698844534,22.588216145833332,4.0700471160961476,36.6494140625
http3,S3,9,136.2500,130,247,265,306,0.0000,8.943002221447669,22.097981770833332,4.0813908183633165,36.768880208333336
http3,S3,10,135.2667,130,248,265,309.85000000000036,0.0000,9.168657260284823,22.322591145833332,4.070173493070346,36.527669270833336
http3,S4,1,22.1167,897,920,928,1744.5400000000002,0.0000,2.7775357597241834,22.062825520833332,1.6950465584497312,36.828776041666664
http3,S4,2,22.1333,897,919,921,1750.73,0.0000,2.72114141124257,22.322916666666668,1.6884449615592574,36.610026041666664
http3,S4,3,22.1333,897,919,927,1764.1100000000001,0.0000,3.0303393788862265,22.565755208333332,1.988703297446062,36.9814453125
http3,S4,4,22.1167,887,907,927,1788.8000000000002,0.0000,3.1290629176412956,22.394856770833332,1.8822158733130783,37.076497395833336
http3,S4,5,22.1000,884,919,928.75,1794,0.0000,2.9044719235091847,22.152994791666668,1.8404734285916238,36.513671875
http3,S4,6,22.1167,897,912,920,1780.4,0.0000,2.844936296139323,21.9521484375,1.843362920621929,36.582356770833336
http3,S4,7,22.1000,896,913,928,1750,0.0000,2.7304000257954573,22.5458984375,1.632147587023363,36.704752604166664
http3,S4,8,22.1000,897,914,927,1749,0.0000,2.564060747594952,22.14453125,1.6540983855178502,36.939778645833336
http3,S4,9,22.1167,897,920,928,1794.74,0.0000,2.8884112863451703,22.199544270833332,1.6759936076409876,36.670247395833336
http3,S4,10,22.1000,884,919,927,1769.5,0.0000,2.6078292245188575,22.152018229166668,1.636826047348033,36.5712890625
http3,S5,1,64.0500,298,303,310,627,0.0000,5.1507284945219425,22.067708333333332,2.5529986552704673,36.71484375
http3,S5,2,64.4500,299,303,307,624.3400000000001,0.0000,4.685645998550492,22.4873046875,2.425430573220599,36.443359375
http3,S5,3,64.0167,298,303,310,627,0.0000,4.858527501146502,22.171549479166668,2.4530246960804547,36.427734375
http3,S5,4,64.2500,298,303,309,625.46,0.0000,4.913893196901436,22.615885416666668,2.662748945379969,36.424479166666664
http3,S5,5,64.4833,298,303,307.5999999999999,624,0.0000,4.945705135785321,22.760416666666668,2.6845680033939954,35.933919270833336
http3,S5,6,64.2500,299,303,308,623.46,0.0000,4.770641775744649,22.3515625,2.5131658742762384,35.971354166666664
http3,S5,7,63.8500,298,303,557,628.3999999999996,0.0000,4.7708642808951165,22.353190104166668,2.5504354966524594,35.933919270833336
http3,S5,8,64.4833,298,303,308,625.3200000000002,0.0000,5.048444258270046,22.676106770833332,2.654767711750537,36.159830729166664
http3,S5,9,64.4500,299,303,307,626,0.0000,5.580268233933104,22.022135416666668,3.0420849991039955,35.958333333333336
http3,S5,10,64.0833,298,303,309,626,0.0000,5.521755896121358,22.077799479166668,2.8662346429270924,36.013671875
