protocol,scenario,repetitions,throughput_rps_mean,throughput_rps_std,latency_p50_mean,latency_p50_std,latency_p90_mean,latency_p90_std,latency_p95_mean,latency_p95_std,latency_p99_mean,latency_p99_std,error_rate_pct_mean,error_rate_pct_std,cpu_caddy_pct_mean,cpu_caddy_pct_std,mem_caddy_mb_mean,mem_caddy_mb_std,cpu_backend_pct_mean,cpu_backend_pct_std,mem_backend_mb_mean,mem_backend_mb_std
http1.1,S1,10,1418.3683,4.0289,13.9215,0.0125,14.0041,0.0157,14.0738,0.0951,15.1121,1.7170,0.0000,0.0000,56.3043,4.1849,17.8853,0.1491,30.2994,2.9333,33.3128,2.7142
http1.1,S2,10,284.1217,0.1423,70.1752,0.0218,70.2701,0.0071,70.2986,0.0043,70.3694,0.0079,0.0000,0.0000,13.5817,1.8452,17.3926,0.4142,9.6740,1.3917,36.4894,0.1737
http1.1,S3,10,116.5217,1.3525,122.1005,0.1108,245.0074,0.4490,364.9086,3.9784,582.5931,2.4979,0.0000,0.0000,6.4786,0.1891,17.5023,0.3043,4.9963,0.1367,36.0117,0.1656
http1.1,S4,10,22.7217,0.0137,846.0690,11.4227,879.5883,0.0452,879.8631,0.5755,2104.4418,424.1444,0.0000,0.0000,2.2908,0.2127,17.3389,0.1763,2.0803,0.1931,35.8716,0.0909
http1.1,S5,10,59.9000,0.4761,296.5984,0.1757,461.3610,134.0751,590.4702,0.9380,1015.8139,61.4832,0.0000,0.0000,3.1242,0.1382,17.4037,0.1921,2.6969,0.0969,36.0361,0.4234
http2,S1,10,1416.9900,0.4907,13.9842,0.0027,14.0447,0.0018,14.0792,0.0069,14.3157,0.1021,0.0000,0.0000,55.9344,1.8060,18.3511,0.2256,22.3155,0.8403,36.6363,0.1777
http2,S2,10,283.4400,0.0086,70.4185,0.0102,70.5303,0.0063,70.5710,0.0065,70.6607,0.0095,0.0000,0.0000,12.3187,0.8871,17.7699,0.1185,6.4007,0.5417,36.9533,0.1021
http2,S3,10,106.4767,1.1018,125.1708,0.6397,249.5639,1.1586,368.3291,5.5433,600.9688,16.8957,0.0000,0.0000,6.0840,0.1997,17.7756,0.1645,3.6674,0.0869,36.4610,0.5125
http2,S4,10,22.5933,0.0196,848.6907,9.4041,883.8238,0.0980,1017.8640,281.4818,1947.3642,364.4267,0.0000,0.0000,2.2741,0.0821,17.4855,0.0950,1.8028,0.0400,36.1874,0.2179
http2,S5,10,57.8467,0.8025,298.8096,0.1851,584.3625,4.7111,596.3296,1.3281,1035.0776,57.4336,0.0000,0.0000,4.0547,0.1308,17.8095,0.2444,2.7037,0.1022,35.9674,0.1978
http3,S1,10,1385.5800,14.2780,14.0000,0.0000,15.0000,0.0000,15.4000,1.2649,17.3000,4.0565,0.0002,0.0008,71.3569,3.1311,22.8953,1.3617,23.9456,1.3129,36.8062,0.2520
http3,S2,10,278.5200,0.0070,72.0000,0.0000,72.0000,0.0000,72.0000,0.0000,72.0000,0.0000,0.0000,0.0000,16.6494,1.5527,21.6931,0.2268,7.1197,0.9161,36.7005,0.2797
http3,S3,10,135.5417,0.4160,130.1000,0.3162,247.6700,0.6667,264.6000,0.5164,308.2170,2.9120,0.0000,0.0000,10.0475,0.9926,22.2820,0.2140,4.5176,0.4718,36.7179,0.1720
http3,S4,10,22.1133,0.0131,893.3000,5.7937,916.2000,4.4422,926.1750,3.0597,1768.5820,19.7907,0.0000,0.0000,2.8198,0.1771,22.2493,0.2028,1.7537,0.1245,36.7479,0.1961
http3,S5,10,64.2367,0.2284,298.3000,0.4830,303.0000,0.0000,333.2600,78.6218,625.6980,1.5206,0.0000,0.0000,5.0246,0.3095,22.3584,0.2701,2.6405,0.1910,36.1981,0.2819
