protocol,scenario,repetition,run_id,start_epoch,end_epoch,sustained_start_epoch,sustained_end_epoch,status,attempts,summary_file
http1.1,S1,1,http1.1_S1_1,1790755683,1790755765,1790755695,1790755755,success,1,/results/raw/http1.1_S1_1.json
http1.1,S1,2,http1.1_S1_2,1790755776,1790755858,1790755788,1790755848,success,1,/results/raw/http1.1_S1_2.json
http1.1,S1,3,http1.1_S1_3,1790755870,1790755951,1790755881,1790755941,success,1,/results/raw/http1.1_S1_3.json
http1.1,S1,4,http1.1_S1_4,1790755962,1790756044,1790755974,1790756034,success,1,/results/raw/http1.1_S1_4.json
http1.1,S1,5,http1.1_S1_5,1790756055,1790756136,1790756066,1790756126,success,1,/results/raw/http1.1_S1_5.json
http1.1,S1,6,http1.1_S1_6,1790756147,1790756229,1790756159,1790756219,success,1,/results/raw/http1.1_S1_6.json
http1.1,S1,7,http1.1_S1_7,1790756240,1790756321,1790756251,1790756311,success,1,/results/raw/http1.1_S1_7.json
http1.1,S1,8,http1.1_S1_8,1790756333,1790756414,1790756344,1790756404,success,1,/results/raw/http1.1_S1_8.json
http1.1,S1,9,http1.1_S1_9,1790756425,1790756506,1790756436,1790756496,success,1,/results/raw/http1.1_S1_9.json
http1.1,S1,10,http1.1_S1_10,1790756518,1790756599,1790756529,1790756589,success,1,/results/raw/http1.1_S1_10.json
http1.1,S2,1,http1.1_S2_1,1790756610,1790756691,1790756621,1790756681,success,1,/results/raw/http1.1_S2_1.json
http1.1,S2,2,http1.1_S2_2,1790756703,1790756784,1790756714,1790756774,success,1,/results/raw/http1.1_S2_2.json
http1.1,S2,3,http1.1_S2_3,1790756795,1790756877,1790756807,1790756867,success,1,/results/raw/http1.1_S2_3.json
http1.1,S2,4,http1.1_S2_4,1790756888,1790756969,1790756899,1790756959,success,1,/results/raw/http1.1_S2_4.json
http1.1,S2,5,http1.1_S2_5,1790756980,1790757095,1790757025,1790757085,success,1,/results/raw/http1.1_S2_5.json
http1.1,S2,6,http1.1_S2_6,1790757106,1790757188,1790757118,1790757178,success,1,/results/raw/http1.1_S2_6.json
http1.1,S2,7,http1.1_S2_7,1790757199,1790757280,1790757210,1790757270,success,1,/results/raw/http1.1_S2_7.json
http1.1,S2,8,http1.1_S2_8,1790757291,1790757373,1790757303,1790757363,success,1,/results/raw/http1.1_S2_8.json
http1.1,S2,9,http1.1_S2_9,1790757384,1790757465,1790757395,1790757455,success,1,/results/raw/http1.1_S2_9.json
http1.1,S2,10,http1.1_S2_10,1790757476,1790757558,1790757488,1790757548,success,1,/results/raw/http1.1_S2_10.json
http1.1,S3,1,http1.1_S3_1,1790757569,1790757651,1790757581,1790757641,success,1,/results/raw/http1.1_S3_1.json
http1.1,S3,2,http1.1_S3_2,1790757662,1790757744,1790757674,1790757734,success,1,/results/raw/http1.1_S3_2.json
http1.1,S3,3,http1.1_S3_3,1790757755,1790757836,1790757766,1790757826,success,1,/results/raw/http1.1_S3_3.json
http1.1,S3,4,http1.1_S3_4,1790757847,1790757929,1790757859,1790757919,success,1,/results/raw/http1.1_S3_4.json
http1.1,S3,5,http1.1_S3_5,1790757940,1790758022,1790757952,1790758012,success,1,/results/raw/http1.1_S3_5.json
http1.1,S3,6,http1.1_S3_6,1790758033,1790758114,1790758044,1790758104,success,1,/results/raw/http1.1_S3_6.json
http1.1,S3,7,http1.1_S3_7,1790758126,1790758207,1790758137,1790758197,success,1,/results/raw/http1.1_S3_7.json
http1.1,S3,8,http1.1_S3_8,1790758219,1790758300,1790758230,1790758290,success,1,/results/raw/http1.1_S3_8.json
http1.1,S3,9,http1.1_S3_9,1790758311,1790758393,1790758323,1790758383,success,1,/results/raw/http1.1_S3_9.json
http1.1,S3,10,http1.1_S3_10,1790758404,1790758485,1790758415,1790758475,success,1,/results/raw/http1.1_S3_10.json
http1.1,S4,1,http1.1_S4_1,1790758496,1790758578,1790758508,1790758568,success,1,/results/raw/http1.1_S4_1.json
http1.1,S4,2,http1.1_S4_2,1790758589,1790758670,1790758600,1790758660,success,1,/results/raw/http1.1_S4_2.json
http1.1,S4,3,http1.1_S4_3,1790758682,1790758763,1790758693,1790758753,success,1,/results/raw/http1.1_S4_3.json
http1.1,S4,4,http1.1_S4_4,1790758774,1790758855,1790758785,1790758845,success,1,/results/raw/http1.1_S4_4.json
http1.1,S4,5,http1.1_S4_5,1790758867,1790758948,1790758878,1790758938,success,1,/results/raw/http1.1_S4_5.json
http1.1,S4,6,http1.1_S4_6,1790758959,1790759041,1790758971,1790759031,success,1,/results/raw/http1.1_S4_6.json
http1.1,S4,7,http1.1_S4_7,1790759052,1790759134,1790759064,1790759124,success,1,/results/raw/http1.1_S4_7.json
http1.1,S4,8,http1.1_S4_8,1790759145,1790759227,1790759157,1790759217,success,1,/results/raw/http1.1_S4_8.json
http1.1,S4,9,http1.1_S4_9,1790759238,1790759319,1790759249,1790759309,success,1,/results/raw/http1.1_S4_9.json
http1.1,S4,10,http1.1_S4_10,1790759330,1790759412,1790759342,1790759402,success,1,/results/raw/http1.1_S4_10.json
http1.1,S5,1,http1.1_S5_1,1790759423,1790759505,1790759435,1790759495,success,1,/results/raw/http1.1_S5_1.json
http1.1,S5,2,http1.1_S5_2,1790759516,1790759598,1790759528,1790759588,success,1,/results/raw/http1.1_S5_2.json
http1.1,S5,3,http1.1_S5_3,1790759609,1790759690,1790759620,1790759680,success,1,/results/raw/http1.1_S5_3.json
http1.1,S5,4,http1.1_S5_4,1790759701,1790759783,1790759713,1790759773,success,1,/results/raw/http1.1_S5_4.json
http1.1,S5,5,http1.1_S5_5,1790759794,1790759875,1790759805,1790759865,success,1,/results/raw/http1.1_S5_5.json
http1.1,S5,6,http1.1_S5_6,1790759886,1790759971,1790759901,1790759961,success,1,/results/raw/http1.1_S5_6.json
http1.1,S5,7,http1.1_S5_7,1790759982,1790760064,1790759994,1790760054,success,1,/results/raw/http1.1_S5_7.json
http1.1,S5,8,http1.1_S5_8,1790760075,1790760157,1790760087,1790760147,success,1,/results/raw/http1.1_S5_8.json
http1.1,S5,9,http1.1_S5_9,1790760168,1790760249,1790760179,1790760239,success,1,/results/raw/http1.1_S5_9.json
http1.1,S5,10,http1.1_S5_10,1790760260,1790760342,1790760272,1790760332,success,1,/results/raw/http1.1_S5_10.json
http2,S1,1,http2_S1_1,1790760353,1790760436,1790760366,1790760426,success,1,/results/raw/http2_S1_1.json
http2,S1,2,http2_S1_2,1790760447,1790760528,1790760458,1790760518,success,1,/results/raw/http2_S1_2.json
http2,S1,3,http2_S1_3,1790760539,1790760620,1790760550,1790760610,success,1,/results/raw/http2_S1_3.json
http2,S1,4,http2_S1_4,1790760631,1790760713,1790760643,1790760703,success,1,/results/raw/http2_S1_4.json
http2,S1,5,http2_S1_5,1790760724,1790760805,1790760735,1790760795,success,1,/results/raw/http2_S1_5.json
http2,S1,6,http2_S1_6,1790760816,1790760897,1790760827,1790760887,success,1,/results/raw/http2_S1_6.json
http2,S1,7,http2_S1_7,1790760908,1790760989,1790760919,1790760979,success,1,/results/raw/http2_S1_7.json
http2,S1,8,http2_S1_8,1790761001,1790761082,1790761012,1790761072,success,1,/results/raw/http2_S1_8.json
http2,S1,9,http2_S1_9,1790761093,1790761174,1790761104,1790761164,success,1,/results/raw/http2_S1_9.json
http2,S1,10,http2_S1_10,1790761185,1790761267,1790761197,1790761257,success,1,/results/raw/http2_S1_10.json
http2,S2,1,http2_S2_1,1790761278,1790761359,1790761289,1790761349,success,1,/results/raw/http2_S2_1.json
http2,S2,2,http2_S2_2,1790761370,1790761451,1790761381,1790761441,success,1,/results/raw/http2_S2_2.json
http2,S2,3,http2_S2_3,1790761462,1790761544,1790761474,1790761534,success,1,/results/raw/http2_S2_3.json
http2,S2,4,http2_S2_4,1790761555,1790761636,1790761566,1790761626,success,1,/results/raw/http2_S2_4.json
http2,S2,5,http2_S2_5,1790761647,1790761728,1790761658,1790761718,success,1,/results/raw/http2_S2_5.json
http2,S2,6,http2_S2_6,1790761739,1790761820,1790761750,1790761810,success,1,/results/raw/http2_S2_6.json
http2,S2,7,http2_S2_7,1790761832,1790761913,1790761843,1790761903,success,1,/results/raw/http2_S2_7.json
http2,S2,8,http2_S2_8,1790761924,1790762005,1790761935,1790761995,success,1,/results/raw/http2_S2_8.json
http2,S2,9,http2_S2_9,1790762016,1790762098,1790762028,1790762088,success,1,/results/raw/http2_S2_9.json
http2,S2,10,http2_S2_10,1790762109,1790762190,1790762120,1790762180,success,1,/results/raw/http2_S2_10.json
http2,S3,1,http2_S3_1,1790762201,1790762282,1790762212,1790762272,success,1,/results/raw/http2_S3_1.json
http2,S3,2,http2_S3_2,1790762293,1790762375,1790762305,1790762365,success,1,/results/raw/http2_S3_2.json
http2,S3,3,http2_S3_3,1790762386,1790762467,1790762397,1790762457,success,1,/results/raw/http2_S3_3.json
http2,S3,4,http2_S3_4,1790762478,1790762560,1790762490,1790762550,success,1,/results/raw/http2_S3_4.json
http2,S3,5,http2_S3_5,1790762571,1790762652,1790762582,1790762642,success,1,/results/raw/http2_S3_5.json
http2,S3,6,http2_S3_6,1790762664,1790762745,1790762675,1790762735,success,1,/results/raw/http2_S3_6.json
http2,S3,7,http2_S3_7,1790762756,1790762837,1790762767,1790762827,success,1,/results/raw/http2_S3_7.json
http2,S3,8,http2_S3_8,1790762848,1790762930,1790762860,1790762920,success,1,/results/raw/http2_S3_8.json
http2,S3,9,http2_S3_9,1790762941,1790763023,1790762953,1790763013,success,1,/results/raw/http2_S3_9.json
http2,S3,10,http2_S3_10,1790763034,1790763115,1790763045,1790763105,success,1,/results/raw/http2_S3_10.json
http2,S4,1,http2_S4_1,1790763126,1790763209,1790763139,1790763199,success,1,/results/raw/http2_S4_1.json
http2,S4,2,http2_S4_2,1790763220,1790763301,1790763231,1790763291,success,1,/results/raw/http2_S4_2.json
http2,S4,3,http2_S4_3,1790763312,1790763394,1790763324,1790763384,success,1,/results/raw/http2_S4_3.json
http2,S4,4,http2_S4_4,1790763405,1790763486,1790763416,1790763476,success,1,/results/raw/http2_S4_4.json
http2,S4,5,http2_S4_5,1790763497,1790763579,1790763509,1790763569,success,1,/results/raw/http2_S4_5.json
http2,S4,6,http2_S4_6,1790763590,1790763671,1790763601,1790763661,success,1,/results/raw/http2_S4_6.json
http2,S4,7,http2_S4_7,1790763682,1790763764,1790763694,1790763754,success,1,/results/raw/http2_S4_7.json
http2,S4,8,http2_S4_8,1790763775,1790763856,1790763786,1790763846,success,1,/results/raw/http2_S4_8.json
http2,S4,9,http2_S4_9,1790763867,1790763949,1790763879,1790763939,success,1,/results/raw/http2_S4_9.json
http2,S4,10,http2_S4_10,1790763960,1790764041,1790763971,1790764031,success,1,/results/raw/http2_S4_10.json
http2,S5,1,http2_S5_1,1790764052,1790764134,1790764064,1790764124,success,1,/results/raw/http2_S5_1.json
http2,S5,2,http2_S5_2,1790764146,1790764227,1790764157,1790764217,success,1,/results/raw/http2_S5_2.json
http2,S5,3,http2_S5_3,1790764238,1790764320,1790764250,1790764310,success,1,/results/raw/http2_S5_3.json
http2,S5,4,http2_S5_4,1790764331,1790764413,1790764343,1790764403,success,1,/results/raw/http2_S5_4.json
http2,S5,5,http2_S5_5,1790764424,1790764505,1790764435,1790764495,success,1,/results/raw/http2_S5_5.json
http2,S5,6,http2_S5_6,1790764517,1790764598,1790764528,1790764588,success,1,/results/raw/http2_S5_6.json
http2,S5,7,http2_S5_7,1790764609,1790764690,1790764620,1790764680,success,1,/results/raw/http2_S5_7.json
http2,S5,8,http2_S5_8,1790764701,1790764783,1790764713,1790764773,success,1,/results/raw/http2_S5_8.json
http2,S5,9,http2_S5_9,1790764794,1790764875,1790764805,1790764865,success,1,/results/raw/http2_S5_9.json
http2,S5,10,http2_S5_10,1790764887,1790764968,1790764898,1790764958,success,1,/results/raw/http2_S5_10.json
http3,S1,1,http3_S1_1,1790764979,1790765064,1790764994,1790765054,success,1,/results/raw/http3_S1_1.json
http3,S1,2,http3_S1_2,1790765075,1790765159,1790765089,1790765149,success,1,/results/raw/http3_S1_2.json
http3,S1,3,http3_S1_3,1790765170,1790765253,1790765183,1790765243,success,1,/results/raw/http3_S1_3.json
http3,S1,4,http3_S1_4,1790765264,1790765347,1790765277,1790765337,success,1,/results/raw/http3_S1_4.json
http3,S1,5,http3_S1_5,1790765358,1790765442,1790765372,1790765432,success,1,/results/raw/http3_S1_5.json
http3,S1,6,http3_S1_6,1790765453,1790765538,1790765468,1790765528,success,1,/results/raw/http3_S1_6.json
http3,S1,7,http3_S1_7,1790765549,1790765633,1790765563,1790765623,success,1,/results/raw/http3_S1_7.json
http3,S1,8,http3_S1_8,1790765644,1790765729,1790765659,1790765719,success,1,/results/raw/http3_S1_8.json
http3,S1,9,http3_S1_9,1790765740,1790765823,1790765753,1790765813,success,1,/results/raw/http3_S1_9.json
http3,S1,10,http3_S1_10,1790765834,1790765916,1790765846,1790765906,success,1,/results/raw/http3_S1_10.json
http3,S2,1,http3_S2_1,1790765927,1790766012,1790765942,1790766002,success,1,/results/raw/http3_S2_1.json
http3,S2,2,http3_S2_2,1790766023,1790766105,1790766035,1790766095,success,1,/results/raw/http3_S2_2.json
http3,S2,3,http3_S2_3,1790766117,1790766200,1790766130,1790766190,success,1,/results/raw/http3_S2_3.json
http3,S2,4,http3_S2_4,1790766211,1790766296,1790766226,1790766286,success,1,/results/raw/http3_S2_4.json
http3,S2,5,http3_S2_5,1790766307,1790766390,1790766320,1790766380,success,1,/results/raw/http3_S2_5.json
http3,S2,6,http3_S2_6,1790766401,1790766485,1790766415,1790766475,success,1,/results/raw/http3_S2_6.json
http3,S2,7,http3_S2_7,1790766496,1790766581,1790766511,1790766571,success,1,/results/raw/http3_S2_7.json
http3,S2,8,http3_S2_8,1790766592,1790766676,1790766606,1790766666,success,1,/results/raw/http3_S2_8.json
http3,S2,9,http3_S2_9,1790766687,1790766770,1790766700,1790766760,success,1,/results/raw/http3_S2_9.json
http3,S2,10,http3_S2_10,1790766781,1790766866,1790766796,1790766856,success,1,/results/raw/http3_S2_10.json
http3,S3,1,http3_S3_1,1790766877,1790766960,1790766890,1790766950,success,1,/results/raw/http3_S3_1.json
http3,S3,2,http3_S3_2,1790766971,1790767056,1790766986,1790767046,success,1,/results/raw/http3_S3_2.json
http3,S3,3,http3_S3_3,1790767067,1790767150,1790767080,1790767140,success,1,/results/raw/http3_S3_3.json
http3,S3,4,http3_S3_4,1790767162,1790767245,1790767175,1790767235,success,1,/results/raw/http3_S3_4.json
http3,S3,5,http3_S3_5,1790767256,1790767340,1790767270,1790767330,success,1,/results/raw/http3_S3_5.json
http3,S3,6,http3_S3_6,1790767352,1790767436,1790767366,1790767426,success,1,/results/raw/http3_S3_6.json
http3,S3,7,http3_S3_7,1790767447,1790767531,1790767461,1790767521,success,1,/results/raw/http3_S3_7.json
http3,S3,8,http3_S3_8,1790767542,1790767626,1790767556,1790767616,success,1,/results/raw/http3_S3_8.json
http3,S3,9,http3_S3_9,1790767637,1790767720,1790767650,1790767710,success,1,/results/raw/http3_S3_9.json
http3,S3,10,http3_S3_10,1790767731,1790767816,1790767746,1790767806,success,1,/results/raw/http3_S3_10.json
http3,S4,1,http3_S4_1,1790767827,1790767911,1790767841,1790767901,success,1,/results/raw/http3_S4_1.json
http3,S4,2,http3_S4_2,1790767922,1790768005,1790767935,1790767995,success,1,/results/raw/http3_S4_2.json
http3,S4,3,http3_S4_3,1790768016,1790768100,1790768030,1790768090,success,1,/results/raw/http3_S4_3.json
http3,S4,4,http3_S4_4,1790768112,1790768196,1790768126,1790768186,success,1,/results/raw/http3_S4_4.json
http3,S4,5,http3_S4_5,1790768207,1790768290,1790768220,1790768280,success,1,/results/raw/http3_S4_5.json
http3,S4,6,http3_S4_6,1790768302,1790768384,1790768314,1790768374,success,1,/results/raw/http3_S4_6.json
http3,S4,7,http3_S4_7,1790768396,1790768478,1790768408,1790768468,success,1,/results/raw/http3_S4_7.json
http3,S4,8,http3_S4_8,1790768489,1790768573,1790768503,1790768563,success,1,/results/raw/http3_S4_8.json
http3,S4,9,http3_S4_9,1790768584,1790768668,1790768598,1790768658,success,1,/results/raw/http3_S4_9.json
http3,S4,10,http3_S4_10,1790768680,1790768762,1790768692,1790768752,success,1,/results/raw/http3_S4_10.json
http3,S5,1,http3_S5_1,1790768774,1790768858,1790768788,1790768848,success,1,/results/raw/http3_S5_1.json
http3,S5,2,http3_S5_2,1790768869,1790768953,1790768883,1790768943,success,1,/results/raw/http3_S5_2.json
http3,S5,3,http3_S5_3,1790768964,1790769048,1790768978,1790769038,success,1,/results/raw/http3_S5_3.json
http3,S5,4,http3_S5_4,1790769059,1790769142,1790769072,1790769132,success,1,/results/raw/http3_S5_4.json
http3,S5,5,http3_S5_5,1790769153,1790769237,1790769167,1790769227,success,1,/results/raw/http3_S5_5.json
http3,S5,6,http3_S5_6,1790769248,1790769331,1790769261,1790769321,success,1,/results/raw/http3_S5_6.json
http3,S5,7,http3_S5_7,1790769342,1790769426,1790769356,1790769416,success,1,/results/raw/http3_S5_7.json
http3,S5,8,http3_S5_8,1790769437,1790769522,1790769452,1790769512,success,1,/results/raw/http3_S5_8.json
http3,S5,9,http3_S5_9,1790769533,1790769617,1790769547,1790769607,success,1,/results/raw/http3_S5_9.json
http3,S5,10,http3_S5_10,1790769628,1790769713,1790769643,1790769703,success,1,/results/raw/http3_S5_10.json
